Workbook

Sheet Sheet1
B2: 46266
B3: start row | C3: 770562
B4: after row | C4: 507385
C5: 263177
B6: del % | C6: 34.153903
D7: avg_len
B8: total trips | C8: 507385 | D8: 0.010300962 | H8: members_classic_bike | I8: 130103
B9: classic bikes | C9: 189268 | D9: 0.012733157 | H9: members_e-bike | I9: 188922
B10: e-bikes | C10: 318117 | D10: 0.0088538948 | H10: casula_clssic_bike | I10: 59165
B11: members | C11: 319025 | D11: 0.0084746762 | H11: casual_e-bike | I11: 129195
B12: casual | C12: 188360 | D12: 0.013394139
C14: total trips | D14: clasic bikes | E14: e-bikes | F14: members | G14: casual | I14: avg_len | J14: avg_len(classic bike) | K14: avg_len (e-bike) | L14: avg_len (member) | M14: avg_len (casual)
B15: Monday | C15: 66314 | D15: 25621 | E15: 40693 | F15: 42649 | G15: 23665 | H15: Monday | I15: 0.010497736 | J15: 0.013215462 | K15: 0.0087866095 | L15: 0.0084926778 | M15: 0.014111246
B16: Tuesday | C16: 88918 | D16: 33187 | E16: 55731 | F16: 63601 | G16: 25317 | H16: Tuesday | I16: 0.0089413578 | J16: 0.010496577 | K16: 0.0080152475 | L16: 0.0081054386 | M16: 0.011041342
B17: Wednesday | C17: 73824 | D17: 26439 | E17: 47385 | F17: 52299 | G17: 21525 | H17: Wednesday | I17: 0.008601195 | J17: 0.010428666 | K17: 0.0075815368 | L17: 0.007839775 | M17: 0.010451207
B18: Thursday | C18: 68815 | D18: 25299 | E18: 43516 | F18: 46640 | G18: 22175 | H18: Thursday | I18: 0.009604753 | J18: 0.012011749 | K18: 0.0082053923 | L18: 0.0082396845 | M18: 0.01247586
B19: Friday | C19: 75917 | D19: 27199 | E19: 48718 | F19: 46278 | G19: 29639 | H19: Friday | I19: 0.010201973 | J19: 0.012530593 | K19: 0.0089019164 | L19: 0.0083939892 | M19: 0.013024938
B20: Saturday | C20: 73575 | D20: 27913 | E20: 45662 | F20: 36891 | G20: 36684 | H20: Saturday | I20: 0.012103519 | J20: 0.014905055 | K20: 0.010390952 | L20: 0.0094887415 | M20: 0.014733052
B21: Sunday | C21: 60022 | D21: 23610 | E21: 36412 | F21: 30667 | G21: 29355 | H21: Sunday | I21: 0.012902165 | J21: 0.01637284 | K21: 0.010651736 | L21: 0.0095574358 | M21: 0.016396384
B24: 46235
B25: start row | C25: 868191
B26: after row | C26: 561330
C27: 306861
B28: del % | C28: 35.344872
D29: avg_len
B30: total trips | C30: 561330 | D30: 0.01087672 | H30: members_classic_bike | I30: 147354
B31: classic bikes | C31: 222889 | D31: 0.013382751 | H31: members_e-bike | I31: 194146
B32: e-bikes | C32: 338441 | D32: 0.0092263091 | H32: casula_clssic_bike | I32: 75535
B33: members | C33: 341500 | D33: 0.0088211037 | H33: casual_e-bike | I33: 144295
B34: casual | C34: 219830 | D34: 0.014070065
C36: total trips | D36: clasic bikes | E36: e-bikes | F36: members | G36: casual | I36: avg_len | J36: avg_len(classic bike) | K36: avg_len (e-bike) | L36: avg_len (member) | M36: avg_len (casual)
B37: Monday | C37: 83240 | D37: 33270 | E37: 49970 | F37: 55784 | G37: 27456 | H37: Monday | I37: 0.01007414 | J37: 0.012243899 | K37: 0.0086295159 | L37: 0.0084001372 | M37: 0.013475312
B38: Tuesday | C38: 73667 | D38: 29954 | E38: 43713 | F38: 50198 | G38: 23469 | H38: Tuesday | I38: 0.0099109822 | J38: 0.011807171 | K38: 0.008611633 | L38: 0.0084795969 | M38: 0.012972582
B39: Wednesday | C39: 73648 | D39: 29314 | E39: 44334 | F39: 50229 | G39: 23419 | H39: Wednesday | I39: 0.0095671033 | J39: 0.011468417 | K39: 0.0083099391 | L39: 0.00838914 | M39: 0.012093595
B40: Thursday | C40: 70892 | D40: 27344 | E40: 43548 | F40: 46922 | G40: 23970 | H40: Thursday | I40: 0.009798491 | J40: 0.011996249 | K40: 0.0084185084 | L40: 0.008432969 | M40: 0.012471542
B41: Friday | C41: 81193 | D41: 30513 | E41: 50680 | F41: 47549 | G41: 33644 | H41: Friday | I41: 0.011032991 | J41: 0.013926113 | K41: 0.0092911244 | L41: 0.0087648318 | M41: 0.014238577
B42: Saturday | C42: 96600 | D42: 38503 | E42: 58097 | F42: 47569 | G42: 49031 | H42: Saturday | I42: 0.012554518 | J42: 0.015717597 | K42: 0.01045823 | L42: 0.0097138138 | M42: 0.015310518
B43: Sunday | C43: 82090 | D43: 33991 | E43: 48099 | F43: 43249 | G43: 38841 | H43: Sunday | I43: 0.01253435 | J43: 0.01551966 | K43: 0.010424667 | L43: 0.0097632215 | M43: 0.01561997
B47: 46204
B48: start row | C48: 869051
B49: end row | C49: 565273
C50: 303778
B51: del % | C51: 34.955141
D52: avg_len
B53: total trips | C53: 565273 | D53: 0.011146896
B54: classic bikes | C54: 235806 | D54: 0.013932396 | H54: members_classic_bike | I54: 149550
B55: e-bikes | C55: 329467 | D55: 0.0091532581 | H55: members_e-bike | I55: 188391
B56: members | C56: 337941 | D56: 0.0087541227 | H56: casula_clssic_bike | I56: 86256
B57: casual | C57: 227332 | D57: 0.014703878 | H57: casual_e-bike | I57: 141076
C59: total trips | D59: clasic bikes | E59: e-bikes | F59: members | G59: casual | I59: avg_len | J59: avg_len(classic bike) | K59: avg_len (e-bike) | L59: avg_len (member) | M59: avg_len (casual)
B60: Monday | C60: 63361 | D60: 26694 | E60: 36667 | F60: 42109 | G60: 21252 | H60: Monday | I60: 0.010469513 | J60: 0.01317421 | K60: 0.0085004627 | L60: 0.0083646494 | M60: 0.014640119
B61: Tuesday | C61: 76376 | D61: 32337 | E61: 44039 | F61: 51572 | G61: 24804 | H61: Tuesday | I61: 0.010084814 | J61: 0.012291299 | K61: 0.0084646345 | L61: 0.0086037246 | M61: 0.013164268
B62: Wednesday | C62: 97485 | D62: 40468 | E62: 57017 | F62: 63839 | G62: 33646 | H62: Wednesday | I62: 0.010071451 | J62: 0.012383636 | K62: 0.0084303702 | L62: 0.0085003642 | M62: 0.013052388
B63: Thursday | C63: 87949 | D63: 35214 | E63: 52735 | F63: 57012 | G63: 30937 | H63: Thursday | I63: 0.010036496 | J63: 0.012445964 | K63: 0.008427565 | L63: 0.00832007 | M63: 0.013199599
B64: Friday | C64: 84750 | D64: 33404 | E64: 51346 | F64: 49059 | G64: 35691 | H64: Friday | I64: 0.011110523 | J64: 0.014032668 | K64: 0.009209472 | L64: 0.0087045179 | M64: 0.014417692
B65: Saturday | C65: 82626 | D65: 35940 | E65: 46686 | F65: 38131 | G65: 44495 | H65: Saturday | I65: 0.01358016 | J65: 0.017138391 | K65: 0.010840948 | L65: 0.0097786198 | M65: 0.016837976
B66: Sunday | C66: 72726 | D66: 31749 | E66: 40977 | F66: 36219 | G66: 36507 | H66: Sunday | I66: 0.012914723 | J66: 0.016129399 | K66: 0.01042399 | L66: 0.0095402023 | M66: 0.016262622
B70: 46174
B71: start row | C71: 762551
B72: end row | C72: 509696
C73: 252855
B74: del % | C74: 33.159094
D75: avg_len
B76: total trips | C76: 509695 | D76: 0.011247011 | H76: members_classic_bike | I76: 144513
B77: classic bikes | C77: 227091 | D77: 0.013789276 | H77: members_e-bike | I77: 165629
B78: e-bikes | C78: 282604 | D78: 0.0092041326 | H78: casula_clssic_bike | I78: 82578
B79: members | C79: 310142 | D79: 0.0088987496 | H79: casual_e-bike | I79: 116975
B80: casual | C80: 199553 | D80: 0.01489664
C82: total trips | D82: clasic bikes | E82: e-bikes | F82: members | G82: casual | I82: avg_len | J82: avg_len(classic bike) | K82: avg_len (e-bike) | L82: avg_len (member) | M82: avg_len (casual)
B83: Monday | C83: 77233 | D83: 34102 | E83: 43131 | F83: 52609 | G83: 24624 | H83: Monday | I83: 0.010161265 | J83: 0.012270541 | K83: 0.0084935419 | L83: 0.0083803249 | M83: 0.01396623
B84: Tuesday | C84: 86988 | D84: 37563 | E84: 49425 | F84: 59331 | G84: 27657 | H84: Tuesday | I84: 0.0098725573 | J84: 0.011802344 | K84: 0.0084059196 | L84: 0.0085155981 | M84: 0.012783565
B85: Wednesday | C85: 55024 | D85: 23469 | E85: 31555 | F85: 38756 | G85: 16268 | H85: Wednesday | I85: 0.009199197 | J85: 0.010867884 | K85: 0.0079581129 | L85: 0.0081336842 | M85: 0.011737617
B86: Thursday | C86: 68460 | D86: 29268 | E86: 39192 | F86: 45736 | G86: 22724 | H86: Thursday | I86: 0.010274823 | J86: 0.012539026 | K86: 0.0085839495 | L86: 0.0087298231 | M86: 0.013384403
B87: Friday | C87: 74832 | D87: 32509 | E87: 42323 | F87: 42939 | G87: 31893 | H87: Friday | I87: 0.011545844 | J87: 0.014265819 | K87: 0.0094565854 | L87: 0.0090900591 | M87: 0.014852178
B88: Saturday | C88: 89768 | D88: 43231 | E88: 46537 | F88: 41697 | G88: 48071 | H88: Saturday | I88: 0.013988962 | J88: 0.017175701 | K88: 0.011028609 | L88: 0.010150316 | M88: 0.01731862
B89: Sunday | C89: 57390 | D89: 26949 | E89: 30441 | F89: 29074 | G89: 28316 | H89: Sunday | I89: 0.013236025 | J89: 0.016375308 | K89: 0.010456861 | L89: 0.0098268044 | M89: 0.016736509
B92: 46143
B93: start row | C93: 653704
B94: end row | C94: 436241
C95: 217463
B96: del % | C96: 33.26628
D97: avg_len
B98: total trips | C98: 436241 | D98: 0.011101381 | H98: members_classic_bike | I98: 129467
B99: classic bikes | C99: 195365 | D99: 0.013836319 | H99: members_e-bike | I99: 147941
B100: e-bikes | C100: 240876 | D100: 0.0088831805 | H100: casula_clssic_bike | I100: 65898
B101: members | C101: 277408 | D101: 0.0087255609 | H101: casual_e-bike | I101: 92935
B102: casual | C102: 158833 | D102: 0.015250842
C104: total trips | D104: clasic bikes | E104: e-bikes | F104: members | G104: casual | I104: avg_len | J104: avg_len(classic bike) | K104: avg_len (e-bike) | L104: avg_len (member) | M104: avg_len (casual)
B105: Monday | C105: 56127 | D105: 25880 | E105: 30247 | F105: 35702 | G105: 20425 | H105: Monday | I105: 0.011756986 | J105: 0.014634478 | K105: 0.0092949407 | L105: 0.0089907866 | M105: 0.016592181
B106: Tuesday | C106: 54074 | D106: 23853 | E106: 30221 | F106: 38964 | G106: 15110 | H106: Tuesday | I106: 0.009355548 | J106: 0.01116705 | K106: 0.0079257551 | L106: 0.0080626626 | M106: 0.012689498
B107: Wednesday | C107: 56778 | D107: 24912 | E107: 31866 | F107: 41305 | G107: 15473 | H107: Wednesday | I107: 0.0093916865 | J107: 0.011647753 | K107: 0.0076279528 | L107: 0.0082760351 | M107: 0.012369905
B108: Thursday | C108: 55131 | D108: 23425 | E108: 31706 | F108: 39841 | G108: 15290 | H108: Thursday | I108: 0.009211362 | J108: 0.011242502 | K108: 0.0077107168 | L108: 0.0079992441 | M108: 0.012369765
B109: Friday | C109: 68912 | D109: 29235 | E109: 39677 | F109: 45192 | G109: 23720 | H109: Friday | I109: 0.010353278 | J109: 0.01298698 | K109: 0.0084127004 | L109: 0.0084613719 | M109: 0.013957789
B110: Saturday | C110: 79347 | D110: 36968 | E110: 42379 | F110: 40887 | G110: 38460 | H110: Saturday | I110: 0.01327034 | J110: 0.016534824 | K110: 0.010422669 | L110: 0.0098372359 | M110: 0.016920089
B111: Sunday | C111: 65872 | D111: 31092 | E111: 34780 | F111: 35517 | G111: 30355 | H111: Sunday | I111: 0.013201384 | J111: 0.016517633 | K111: 0.010236783 | L111: 0.0095801126 | M111: 0.017438468
B114: 46113
B115: start row | C115: 448252
B116: end row | C116: 302413
C117: 145839
B118: del % | C118: 32.535047
...

Sheet yearly
C2: total | D2: avg_len
B3: 45931 | C3: =Sheet1!C252 -> 417877 | D3: =Sheet1!D252 -> 0.010570443
B4: 45962 | C4: =Sheet1!C230 -> 235010 | D4: =Sheet1!D230 -> 0.009406348
B5: 45992 | C5: =Sheet1!C208 -> 96158 | D5: =Sheet1!D208 -> 0.0086187753
B6: 46023 | C6: =Sheet1!C186 -> 97118 | D6: =Sheet1!D186 -> 0.0087261042
B7: 46054 | C7: =Sheet1!C164 -> 147622 | D7: =Sheet1!D164 -> 0.0081404345
B8: 46082 | C8: =Sheet1!C142 -> 221900 | D8: =Sheet1!D142 -> 0.0092903424
B9: 46113 | C9: =Sheet1!C120 -> 302413 | D9: =Sheet1!D120 -> 0.0095429377
B10: 46143 | C10: =Sheet1!C98 -> 436241 | D10: =Sheet1!D98 -> 0.011101381
B11: 46174 | C11: =Sheet1!C76 -> 509695 | D11: =Sheet1!D76 -> 0.011247011
B12: 46204 | C12: =Sheet1!C53 -> 565273 | D12: =Sheet1!D53 -> 0.011146896
B13: 46235 | C13: =Sheet1!C30 -> 561330 | D13: =Sheet1!D30 -> 0.01087672
B14: 46266 | C14: =Sheet1!C8 -> 507385 | D14: =Sheet1!D8 -> 0.010300962
C19: 45931 | D19: 45962 | E19: 45992 | F19: 46023 | G19: 46054 | H19: 46082 | I19: 46113 | J19: 46143 | K19: 46174 | L19: 46204 | M19: 46235 | N19: 46266
B20: members_classic_bike | C20: 143170 | D20: 88038 | E20: 37786 | F20: 37956 | G20: 55229 | H20: 72157 | I20: 99253 | J20: 129467 | K20: 144513 | L20: 149550 | M20: 147354 | N20: 130103
B21: members_e-bike | C21: 131177 | D21: 82729 | E21: 39537 | F21: 42601 | G21: 62755 | H21: 89254 | I21: 115750 | J21: 147941 | K21: 165629 | L21: 188391 | M21: 194146 | N21: 188922
B22: casula_clssic_bike | C22: 66161 | D22: 27060 | E22: 6950 | F22: 5821 | G22: 11529 | H22: 23656 | I22: 33720 | J22: 65898 | K22: 82578 | L22: 86256 | M22: 75535 | N22: 59165
B23: casual_e-bike | C23: 77369 | D23: 37183 | E23: 11885 | F23: 10740 | G23: 18109 | H23: 36833 | I23: 53690 | J23: 92935 | K23: 116975 | L23: 141076 | M23: 144295 | N23: 129195
C43: 45931 | D43: 45962 | E43: 45992 | F43: 46023 | G43: 46054 | H43: 46082 | I43: 46113 | J43: 46143 | K43: 46174 | L43: 46204 | M43: 46235 | N43: 46266
B44: classic bikes | C44: 209331 | D44: 115098 | E44: 44736 | F44: 43777 | G44: 66758 | H44: 95813 | I44: 132973 | J44: 195365 | K44: 227091 | L44: 235806 | M44: 222889 | N44: 189268
B45: e-bikes | C45: 208546 | D45: 119912 | E45: 51422 | F45: 53341 | G45: 80864 | H45: 126087 | I45: 169440 | J45: 240876 | K45: 282604 | L45: 329467 | M45: 338441 | N45: 318117
B46: members | C46: 274347 | D46: 170767 | E46: 77323 | F46: 80557 | G46: 117984 | H46: 161411 | I46: 215003 | J46: 277408 | K46: 310142 | L46: 337941 | M46: 341500 | N46: 319025
B47: casual | C47: 143530 | D47: 64243 | E47: 18835 | F47: 16561 | G47: 29638 | H47: 60489 | I47: 87410 | J47: 158833 | K47: 199553 | L47: 227332 | M47: 219830 | N47: 188360
C70: 45931 | D70: 45962 | E70: 45992 | F70: 46023 | G70: 46054 | H70: 46082 | I70: 46113 | J70: 46143 | K70: 46174 | L70: 46204 | M70: 46235 | N70: 46266
B71: start row | C71: 646039 | D71: 356628 | E71: 140534 | F71: 137787 | G71: 201449 | H71: 317038 | I71: 448252 | J71: 653704 | K71: 762551 | L71: 869051 | M71: 868191 | N71: 770562
B72: end row | C72: 417877 | D72: 235010 | E72: 96158 | F72: 97118 | G72: 147622 | H72: 221900 | I72: 302413 | J72: 436241 | K72: 509696 | L72: 565273 | M72: 561330 | N72: 507385
C73: 228162 | D73: 121618 | E73: 44376 | F73: 40669 | G73: 53827 | H73: 95138 | I73: 145839 | J73: 217463 | K73: 252855 | L73: 303778 | M73: 306861 | N73: 263177
B74: del % | C74: 35.317063 | D74: 34.102202 | E74: 31.5767 | F74: 29.515847 | G74: 26.719914 | H74: 30.00839 | I74: 32.535047 | J74: 33.26628 | K74: 33.159094 | L74: 34.955141 | M74: 35.344872 | N74: 34.153903 | O74: =AVERAGE(C74:N74) -> 32.554538

Sheet Sep-26
A1: Count of start_station_name | B1: Column Labels | C1: Column1 | D1: Column2 | E1: Column3 | F1: Column4 | G1: Column5 | H1: Column6 | I1: Column7
A2: Row Labels | B2: Sunday | C2: Monday | D2: Tuesday | E2: Wednesday | F2: Thursday | G2: Friday | H2: Saturday | I2: Grand Total
A3: 2112 W Peterson Ave | B3: 11 | C3: 19 | D3: 18 | E3: 10 | F3: 11 | G3: 11 | H3: 10 | I3: 90
A4: 21st St & Pulaski Rd | C4: 1 | D4: 2 | E4: 1 | F4: 2 | G4: 3 | I4: 9
A5: 63rd St Beach | B5: 108 | C5: 12 | D5: 26 | E5: 13 | F5: 23 | G5: 14 | H5: 26 | I5: 222
A6: 900 W Harrison St | B6: 50 | C6: 160 | D6: 251 | E6: 178 | F6: 154 | G6: 158 | H6: 90 | I6: 1041
A7: Aberdeen St & 103rd St | D7: 1 | I7: 1
A8: Aberdeen St & Carroll Ave | B8: 71 | C8: 115 | D8: 178 | E8: 165 | F8: 138 | G8: 115 | H8: 83 | I8: 865
A9: Aberdeen St & Jackson Blvd | B9: 120 | C9: 166 | D9: 228 | E9: 161 | F9: 155 | G9: 198 | H9: 166 | I9: 1194
A10: Aberdeen St & Monroe St | B10: 88 | C10: 89 | D10: 151 | E10: 122 | F10: 102 | G10: 122 | H10: 95 | I10: 769
A11: Aberdeen St & Randolph St | B11: 99 | C11: 102 | D11: 208 | E11: 167 | F11: 169 | G11: 155 | H11: 119 | I11: 1019
A12: Ada St & Washington Blvd | B12: 63 | C12: 65 | D12: 128 | E12: 104 | F12: 100 | G12: 123 | H12: 86 | I12: 669
A13: Addison/Racine Corral | B13: 17 | C13: 13 | D13: 16 | E13: 30 | F13: 30 | G13: 18 | H13: 23 | I13: 147
A14: Addison/Sheffield SE Corral | B14: 20 | C14: 17 | D14: 46 | E14: 35 | F14: 16 | G14: 11 | H14: 19 | I14: 164
A15: Addison/Sheffield SW Corral | B15: 11 | C15: 14 | D15: 44 | E15: 59 | F15: 29 | G15: 20 | H15: 17 | I15: 194
A16: Addison/Wilton Corral | B16: 4 | C16: 6 | D16: 23 | E16: 21 | F16: 20 | G16: 20 | H16: 14 | I16: 108
A17: Adler Planetarium | B17: 347 | C17: 269 | D17: 213 | E17: 165 | F17: 181 | G17: 242 | H17: 373 | I17: 1790
A18: Albany Ave & 16th St | B18: 6 | C18: 2 | D18: 2 | E18: 3 | F18: 2 | G18: 11 | H18: 7 | I18: 33
A19: Albany Ave & 26th St | C19: 2 | D19: 2 | E19: 1 | F19: 1 | G19: 4 | H19: 1 | I19: 11
A20: Albany Ave & Belmont Ave | B20: 12 | C20: 13 | D20: 20 | E20: 6 | F20: 11 | G20: 6 | H20: 14 | I20: 82
A21: Albany Ave & Bloomingdale Ave | B21: 61 | C21: 54 | D21: 63 | E21: 47 | F21: 63 | G21: 66 | H21: 72 | I21: 426
A22: Albany Ave & Douglas Blvd | C22: 1 | D22: 2 | E22: 3 | F22: 2 | G22: 11 | H22: 8 | I22: 27
A23: Albany Ave & Montrose Ave | B23: 26 | C23: 32 | D23: 34 | E23: 40 | F23: 36 | G23: 35 | H23: 30 | I23: 233
A24: Altgeld Gardens | B24: 1 | D24: 1 | I24: 2
A25: Archer (Damen) Ave & 37th St | B25: 2 | C25: 7 | D25: 10 | E25: 7 | F25: 6 | G25: 7 | H25: 8 | I25: 47
A26: Archer Ave & 43rd St | B26: 4 | C26: 3 | D26: 2 | E26: 1 | F26: 1 | G26: 1 | I26: 12
A27: Archer Ave & 49th St | C27: 1 | D27: 2 | E27: 3 | G27: 4 | H27: 1 | I27: 11
A28: Archer Ave & Homan Ave | B28: 4 | C28: 3 | D28: 4 | E28: 2 | F28: 1 | G28: 1 | H28: 4 | I28: 19
A29: Archer Ave & Wentworth Ave | B29: 49 | C29: 39 | D29: 54 | E29: 41 | F29: 46 | G29: 47 | H29: 62 | I29: 338
A30: Arrington Lagoon | B30: 16 | C30: 20 | D30: 13 | E30: 10 | F30: 20 | G30: 24 | H30: 29 | I30: 132
A31: Artesian Ave & 55th St | B31: 1 | C31: 5 | D31: 3 | E31: 2 | F31: 5 | G31: 5 | H31: 1 | I31: 22
A32: Artesian Ave & 71st St | C32: 2 | F32: 1 | G32: 3 | H32: 2 | I32: 8
A33: Artesian Ave & Hubbard St | B33: 33 | C33: 68 | D33: 137 | E33: 137 | F33: 112 | G33: 87 | H33: 39 | I33: 613
A34: Artesian Ave & Marquette Rd | D34: 1 | I34: 1
A35: Ashland Ave & 13th St | B35: 31 | C35: 70 | D35: 110 | E35: 88 | F35: 58 | G35: 97 | H35: 82 | I35: 536
A36: Ashland Ave & 50th St | C36: 1 | D36: 2 | F36: 2 | G36: 2 | H36: 2 | I36: 9
A37: Ashland Ave & 63rd St | D37: 2 | E37: 3 | H37: 4 | I37: 9
A38: Ashland Ave & 66th St | C38: 1 | D38: 2 | E38: 2 | F38: 2 | G38: 1 | H38: 1 | I38: 9
A39: Ashland Ave & 74th St | B39: 1 | C39: 1 | D39: 2 | F39: 3 | G39: 2 | H39: 1 | I39: 10
A40: Ashland Ave & Addison St | B40: 42 | C40: 35 | D40: 53 | E40: 40 | F40: 21 | G40: 38 | H40: 52 | I40: 281
A41: Ashland Ave & Augusta Blvd | B41: 55 | C41: 86 | D41: 123 | E41: 109 | F41: 119 | G41: 107 | H41: 100 | I41: 699
A42: Ashland Ave & Belle Plaine Ave | B42: 26 | C42: 25 | D42: 54 | E42: 34 | F42: 39 | G42: 39 | H42: 59 | I42: 276
A43: Ashland Ave & Blackhawk St | B43: 60 | C43: 66 | D43: 82 | E43: 66 | F43: 67 | G43: 77 | H43: 75 | I43: 493
A44: Ashland Ave & Chicago Ave | B44: 68 | C44: 69 | D44: 106 | E44: 85 | F44: 76 | G44: 86 | H44: 93 | I44: 583
A45: Ashland Ave & Garfield Blvd | D45: 1 | H45: 2 | I45: 3
A46: Ashland Ave & Grace St | B46: 63 | C46: 46 | D46: 73 | E46: 70 | F46: 55 | G46: 52 | H46: 71 | I46: 430
A47: Ashland Ave & Grand Ave | B47: 48 | C47: 54 | D47: 75 | E47: 63 | F47: 73 | G47: 85 | H47: 63 | I47: 461
A48: Ashland Ave & Lake St | B48: 61 | C48: 72 | D48: 100 | E48: 78 | F48: 97 | G48: 92 | H48: 79 | I48: 579
A49: Ashland Ave & McDowell Ave | B49: 4 | C49: 2 | D49: 4 | E49: 3 | F49: 2 | G49: 3 | H49: 4 | I49: 22
A50: Ashland Ave & Pershing Rd | B50: 1 | C50: 3 | D50: 8 | E50: 4 | F50: 4 | G50: 5 | H50: 4 | I50: 29
A51: Ashland Ave & Wellington Ave | B51: 68 | C51: 80 | D51: 113 | E51: 72 | F51: 68 | G51: 111 | H51: 87 | I51: 599
A52: Ashland Ave & Wrightwood Ave | B52: 60 | C52: 76 | D52: 111 | E52: 90 | F52: 69 | G52: 71 | H52: 60 | I52: 537
A53: Austin Ave & Milwaukee Ave | B53: 10 | C53: 1 | D53: 3 | E53: 3 | F53: 4 | G53: 2 | H53: 3 | I53: 26
A54: Austin Blvd & Chicago Ave | B54: 2 | C54: 3 | D54: 2 | E54: 1 | F54: 1 | H54: 1 | I54: 10
A55: Austin Blvd & Lake St | B55: 7 | C55: 3 | D55: 4 | E55: 8 | F55: 1 | G55: 4 | H55: 7 | I55: 34
A56: Austin Blvd & Madison St | B56: 5 | D56: 1 | F56: 4 | G56: 2 | H56: 4 | I56: 16
A57: Ave L & 114th | C57: 2 | D57: 3 | G57: 1 | H57: 1 | I57: 7
A58: Avenue O & 118th St | B58: 1 | C58: 2 | H58: 1 | I58: 4
A59: Avenue O & 134th St | H59: 2 | I59: 2
A60: Avers Ave & 103rd St | B60: 1 | D60: 1 | E60: 3 | H60: 1 | I60: 6
A61: Avers Ave & 16th St | C61: 1 | E61: 1 | F61: 1 | H61: 1 | I61: 4
A62: Avers Ave & Belmont Ave | B62: 51 | C62: 39 | D62: 66 | E62: 60 | F62: 60 | G62: 55 | H62: 55 | I62: 386
A63: Avers Ave & Foster Ave | B63: 7 | C63: 6 | D63: 15 | E63: 11 | F63: 7 | G63: 9 | H63: 12 | I63: 67
A64: Avondale Ave & Irving Park Rd | B64: 22 | C64: 25 | D64: 38 | E64: 33 | F64: 32 | G64: 35 | H64: 28 | I64: 213
A65: Baltimore Ave & 133rd St | C65: 1 | D65: 1 | H65: 2 | I65: 4
A66: Baltimore Ave & 87th St | C66: 3 | E66: 3 | F66: 3 | G66: 5 | H66: 1 | I66: 15
A67: Bennett Ave & 79th St | B67: 2 | C67: 1 | E67: 2 | G67: 2 | H67: 3 | I67: 10
A68: Benson Ave & Church St | B68: 61 | C68: 58 | D68: 95 | E68: 82 | F68: 79 | G68: 77 | H68: 83 | I68: 535
A69: Bent Park | B69: 6 | C69: 2 | E69: 2 | G69: 1 | H69: 6 | I69: 17
A70: Bernard St & Elston Ave | B70: 10 | C70: 14 | D70: 25 | E70: 15 | F70: 14 | G70: 12 | H70: 13 | I70: 103
A71: Bernard St & Peterson Ave | B71: 2 | C71: 2 | D71: 6 | E71: 5 | F71: 1 | G71: 6 | H71: 4 | I71: 26
A72: Big Marsh Park | B72: 9 | C72: 6 | D72: 3 | E72: 1 | G72: 1 | H72: 6 | I72: 26
A73: Bissell St & Armitage Ave | B73: 187 | C73: 183 | D73: 238 | E73: 185 | F73: 185 | G73: 214 | H73: 284 | I73: 1476
A74: Blackstone Ave & 53rd St | B74: 67 | C74: 57 | D74: 78 | E74: 82 | F74: 71 | G74: 63 | H74: 68 | I74: 486
A75: Blackstone Ave & 59th St | B75: 60 | C75: 96 | D75: 96 | E75: 72 | F75: 92 | G75: 92 | H75: 106 | I75: 614
A76: Blackstone Ave & Hyde Park Blvd | B76: 49 | C76: 56 | D76: 50 | E76: 49 | F76: 50 | G76: 68 | H76: 67 | I76: 389
A77: Blue Island Ave & 18th St | B77: 54 | C77: 79 | D77: 101 | E77: 68 | F77: 80 | G77: 85 | H77: 66 | I77: 533
A78: Bosworth Ave & Howard St | B78: 9 | C78: 7 | D78: 6 | E78: 12 | F78: 14 | G78: 11 | H78: 17 | I78: 76
A79: Broadway & Argyle St | B79: 103 | C79: 93 | D79: 130 | E79: 72 | F79: 87 | G79: 142 | H79: 124 | I79: 751
A80: Broadway & Barry Ave | B80: 237 | C80: 221 | D80: 308 | E80: 208 | F80: 228 | G80: 246 | H80: 260 | I80: 1708
A81: Broadway & Belmont Ave | B81: 138 | C81: 132 | D81: 196 | E81: 177 | F81: 141 | G81: 163 | H81: 179 | I81: 1126
A82: Broadway & Berwyn Ave | B82: 101 | C82: 98 | D82: 127 | E82: 108 | F82: 110 | G82: 89 | H82: 102 | I82: 735
A83: Broadway & Cornelia Ave | B83: 245 | C83: 221 | D83: 288 | E83: 265 | F83: 257 | G83: 298 | H83: 260 | I83: 1834
A84: Broadway & Cuyler Ave | B84: 50 | C84: 57 | D84: 62 | E84: 61 | F84: 53 | G84: 54 | H84: 69 | I84: 406
... A94: Budlong Woods Library | B94: 6 | C94: 18 | D94: 24 | E94: 9 | F94: 12 | G94: 12 | H94: 18 | I94: 99
A95: Burley Ave & 85th St | B95: 1 | E95: 2 | G95: 2 | H95: 1 | I95: 6
A96: Burley Ave & 91st St | B96: 2 | G96: 2 | H96: 3 | I96: 7
A97: Burling St & Diversey Pkwy | B97: 162 | C97: 164 | D97: 215 | E97: 142 | F97: 147 | G97: 155 | H97: 204 | I97: 1189
A98: Burnham Greenway & 105th St | B98: 4 | D98: 4 | E98: 1 | F98: 2 | H98: 5 | I98: 16
A99: Burnham Greenway & 112th St | B99: 4 | C99: 8 | D99: 2 | F99: 3 | G99: 2 | H99: 14 | I99: 33
A100: Burnham Harbor | B100: 192 | C100: 122 | D100: 104 | E100: 112 | F100: 99 | G100: 165 | H100: 172 | I100: 966
A101: Burnham Shores | B101: 8 | C101: 10 | D101: 5 | E101: 3 | F101: 6 | G101: 4 | H101: 3 | I101: 39
A102: California Ave & 16th St | B102: 7 | C102: 12 | D102: 17 | E102: 14 | F102: 10 | G102: 19 | H102: 8 | I102: 87
A103: California Ave & 21st St | B103: 7 | C103: 18 | D103: 12 | E103: 12 | F103: 26 | G103: 20 | H103: 11 | I103: 106
A104: California Ave & 23rd Pl | B104: 3 | C104: 7 | D104: 16 | E104: 8 | F104: 8 | G104: 10 | H104: 5 | I104: 57
A105: California Ave & 26th St | B105: 1 | C105: 3 | D105: 7 | E105: 5 | F105: 4 | G105: 6 | H105: 1 | I105: 27
A106: California Ave & 36th St | C106: 3 | D106: 3 | E106: 3 | F106: 1 | G106: 3 | H106: 2 | I106: 15
A107: California Ave & 41st St | B107: 4 | E107: 1 | F107: 3 | G107: 4 | H107: 4 | I107: 16
A108: California Ave & 71st St | B108: 2 | D108: 1 | F108: 2 | G108: 1 | I108: 6
A109: California Ave & Altgeld St | B109: 32 | C109: 20 | D109: 42 | E109: 50 | F109: 42 | G109: 35 | H109: 47 | I109: 268
...

Sheet Aug-26
A1: Count of start_station_name | B1: Column Labels | C1: Column1 | D1: Column2 | E1: Column3 | F1: Column4 | G1: Column5 | H1: Column6 | I1: Column7
A2: Row Labels | B2: Sunday | C2: Monday | D2: Tuesday | E2: Wednesday | F2: Thursday | G2: Friday | H2: Saturday | I2: Grand Total
A3: 2112 W Peterson Ave | B3: 21 | C3: 23 | D3: 8 | E3: 12 | F3: 15 | G3: 12 | H3: 20 | I3: 111
A4: 21st St & Pulaski Rd | B4: 2 | C4: 2 | D4: 2 | E4: 1 | F4: 1 | G4: 1 | H4: 2 | I4: 11
A5: 63rd St Beach | B5: 42 | C5: 15 | D5: 11 | E5: 9 | F5: 10 | G5: 22 | H5: 47 | I5: 156
A6: 900 W Harrison St | B6: 87 | C6: 151 | D6: 107 | E6: 129 | F6: 102 | G6: 134 | H6: 88 | I6: 798
A7: Aberdeen St & 103rd St | B7: 1 | E7: 2 | F7: 2 | I7: 5
A8: Aberdeen St & Carroll Ave | B8: 97 | C8: 162 | D8: 162 | E8: 161 | F8: 159 | G8: 105 | H8: 118 | I8: 964
A9: Aberdeen St & Jackson Blvd | B9: 182 | C9: 228 | D9: 175 | E9: 184 | F9: 151 | G9: 196 | H9: 203 | I9: 1319
A10: Aberdeen St & Monroe St | B10: 103 | C10: 152 | D10: 119 | E10: 106 | F10: 99 | G10: 114 | H10: 93 | I10: 786
A11: Aberdeen St & Randolph St | B11: 142 | C11: 150 | D11: 167 | E11: 171 | F11: 149 | G11: 122 | H11: 143 | I11: 1044
A12: Ada St & 113th Pl | E12: 2 | G12: 1 | I12: 3
A13: Ada St & Washington Blvd | B13: 77 | C13: 94 | D13: 89 | E13: 109 | F13: 105 | G13: 104 | H13: 63 | I13: 641
A14: Addison/Racine Corral | B14: 33 | C14: 36 | D14: 16 | E14: 11 | F14: 12 | G14: 17 | H14: 33 | I14: 158
A15: Addison/Sheffield SE Corral | B15: 6 | C15: 21 | D15: 13 | E15: 12 | F15: 7 | G15: 48 | H15: 16 | I15: 123
A16: Addison/Sheffield SW Corral | B16: 22 | C16: 60 | D16: 42 | E16: 18 | F16: 11 | G16: 69 | H16: 37 | I16: 259
A17: Addison/Wilton Corral | B17: 4 | C17: 13 | D17: 3 | E17: 13 | F17: 2 | G17: 16 | H17: 9 | I17: 60
A18: Adler Planetarium | B18: 341 | C18: 227 | D18: 253 | E18: 230 | F18: 225 | G18: 374 | H18: 340 | I18: 1990
A19: Albany Ave & 16th St | B19: 6 | C19: 4 | E19: 1 | F19: 3 | G19: 4 | H19: 2 | I19: 20
A20: Albany Ave & 26th St | B20: 4 | C20: 5 | E20: 2 | F20: 2 | G20: 2 | I20: 15
A21: Albany Ave & Belmont Ave | B21: 11 | C21: 19 | D21: 13 | E21: 15 | F21: 16 | G21: 22 | H21: 18 | I21: 114
A22: Albany Ave & Bloomingdale Ave | B22: 69 | C22: 68 | D22: 58 | E22: 51 | F22: 53 | G22: 62 | H22: 71 | I22: 432
A23: Albany Ave & Douglas Blvd | C23: 3 | D23: 1 | E23: 4 | F23: 2 | G23: 2 | I23: 12
A24: Albany Ave & Montrose Ave | B24: 42 | C24: 37 | D24: 41 | E24: 43 | F24: 35 | G24: 36 | H24: 46 | I24: 280
A25: Archer (Damen) Ave & 37th St | B25: 8 | C25: 5 | D25: 7 | E25: 9 | F25: 4 | G25: 2 | H25: 5 | I25: 40
A26: Archer Ave & 43rd St | C26: 1 | D26: 2 | E26: 1 | F26: 2 | G26: 3 | I26: 9
A27: Archer Ave & 49th St | B27: 2 | C27: 3 | F27: 2 | G27: 1 | I27: 8
A28: Archer Ave & Homan Ave | C28: 1 | D28: 2 | E28: 1 | F28: 3 | G28: 1 | H28: 1 | I28: 9
A29: Archer Ave & Wentworth Ave | B29: 43 | C29: 55 | D29: 30 | E29: 40 | F29: 27 | G29: 39 | H29: 72 | I29: 306
A30: Arrington Lagoon | B30: 30 | C30: 19 | D30: 18 | E30: 11 | F30: 6 | G30: 13 | H30: 18 | I30: 115
A31: Artesian Ave & 55th St | B31: 1 | C31: 2 | D31: 2 | E31: 3 | F31: 1 | G31: 2 | H31: 3 | I31: 14
A32: Artesian Ave & 71st St | B32: 1 | C32: 1 | D32: 1 | E32: 2 | F32: 1 | G32: 1 | H32: 1 | I32: 8
A33: Artesian Ave & Hubbard St | B33: 19 | C33: 104 | D33: 91 | E33: 114 | F33: 93 | G33: 49 | H33: 32 | I33: 502
A34: Artesian Ave & Marquette Rd | C34: 4 | I34: 4
A35: Ashland Ave & 13th St | B35: 70 | C35: 91 | D35: 75 | E35: 76 | F35: 36 | G35: 79 | H35: 54 | I35: 481
A36: Ashland Ave & 50th St | C36: 4 | D36: 3 | E36: 4 | F36: 1 | G36: 2 | H36: 3 | I36: 17
A37: Ashland Ave & 63rd St | D37: 1 | F37: 1 | G37: 2 | H37: 2 | I37: 6
A38: Ashland Ave & 66th St | D38: 2 | E38: 2 | F38: 1 | H38: 1 | I38: 6
A39: Ashland Ave & 74th St | B39: 3 | C39: 2 | D39: 1 | E39: 2 | F39: 1 | G39: 2 | H39: 3 | I39: 14
A40: Ashland Ave & 78th St | C40: 1 | E40: 1 | I40: 2
A41: Ashland Ave & Addison St | B41: 8 | C41: 3 | E41: 1 | F41: 3 | G41: 15 | H41: 10 | I41: 40
A42: Ashland Ave & Augusta Blvd | B42: 102 | C42: 134 | D42: 109 | E42: 100 | F42: 101 | G42: 110 | H42: 113 | I42: 769
A43: Ashland Ave & Belle Plaine Ave | B43: 52 | C43: 37 | D43: 35 | E43: 36 | F43: 45 | G43: 47 | H43: 59 | I43: 311
A44: Ashland Ave & Blackhawk St | B44: 137 | C44: 91 | D44: 88 | E44: 102 | F44: 73 | G44: 129 | H44: 159 | I44: 779
A45: Ashland Ave & Chicago Ave | B45: 85 | C45: 127 | D45: 88 | E45: 119 | F45: 98 | G45: 109 | H45: 131 | I45: 757
A46: Ashland Ave & Garfield Blvd | B46: 3 | C46: 4 | D46: 5 | E46: 3 | F46: 3 | G46: 3 | H46: 4 | I46: 25
A47: Ashland Ave & Grace St | B47: 80 | C47: 73 | D47: 80 | E47: 73 | F47: 62 | G47: 85 | H47: 115 | I47: 568
A48: Ashland Ave & Grand Ave | B48: 66 | C48: 54 | D48: 70 | E48: 71 | F48: 64 | G48: 67 | H48: 57 | I48: 449
A49: Ashland Ave & Lake St | B49: 66 | C49: 96 | D49: 83 | E49: 90 | F49: 80 | G49: 81 | H49: 84 | I49: 580
A50: Ashland Ave & McDowell Ave | B50: 6 | C50: 4 | D50: 2 | E50: 2 | F50: 2 | G50: 4 | H50: 8 | I50: 28
A51: Ashland Ave & Pershing Rd | B51: 2 | C51: 8 | D51: 1 | E51: 5 | F51: 3 | G51: 4 | H51: 9 | I51: 32
A52: Ashland Ave & Wellington Ave | B52: 109 | C52: 99 | D52: 80 | E52: 86 | F52: 93 | G52: 89 | H52: 123 | I52: 679
A53: Ashland Ave & Wrightwood Ave | B53: 69 | C53: 85 | D53: 69 | E53: 79 | F53: 74 | G53: 95 | H53: 100 | I53: 571
A54: Austin Ave & Milwaukee Ave | B54: 2 | C54: 5 | D54: 1 | E54: 3 | F54: 3 | G54: 5 | H54: 8 | I54: 27
A55: Austin Blvd & Chicago Ave | B55: 3 | C55: 1 | E55: 3 | G55: 1 | H55: 5 | I55: 13
A56: Austin Blvd & Lake St | B56: 4 | C56: 11 | D56: 2 | E56: 8 | F56: 5 | G56: 3 | H56: 13 | I56: 46
A57: Austin Blvd & Madison St | B57: 4 | C57: 7 | D57: 1 | E57: 1 | F57: 1 | G57: 2 | H57: 1 | I57: 17
A58: Ave H & 110th St | B58: 2 | C58: 5 | D58: 1 | G58: 1 | H58: 2 | I58: 11
A59: Ave L & 114th | B59: 1 | D59: 1 | H59: 1 | I59: 3
A60: Avenue O & 118th St | D60: 1 | F60: 1 | H60: 2 | I60: 4
A61: Avenue O & 134th St | H61: 1 | I61: 1
A62: Avers Ave & 103rd St | D62: 1 | E62: 1 | F62: 1 | H62: 2 | I62: 5
A63: Avers Ave & 16th St | C63: 1 | D63: 3 | E63: 3 | F63: 1 | G63: 4 | H63: 2 | I63: 14
A64: Avers Ave & Belmont Ave | B64: 60 | C64: 71 | D64: 51 | E64: 38 | F64: 50 | G64: 68 | H64: 69 | I64: 407
A65: Avers Ave & Foster Ave | B65: 11 | C65: 10 | D65: 6 | E65: 9 | F65: 10 | G65: 7 | H65: 18 | I65: 71
A66: Avondale Ave & Irving Park Rd | B66: 34 | C66: 40 | D66: 41 | E66: 46 | F66: 37 | G66: 33 | H66: 34 | I66: 265
A67: Baltimore Ave & 133rd St | B67: 1 | D67: 3 | F67: 1 | G67: 1 | I67: 6
A68: Baltimore Ave & 87th St | B68: 3 | C68: 4 | D68: 1 | G68: 3 | H68: 1 | I68: 12
A69: Bennett Ave & 79th St | D69: 1 | E69: 1 | G69: 2 | H69: 2 | I69: 6
A70: Benson Ave & Church St | B70: 64 | C70: 76 | D70: 61 | E70: 66 | F70: 53 | G70: 68 | H70: 53 | I70: 441
A71: Bent Park | B71: 4 | C71: 3 | D71: 2 | E71: 4 | F71: 1 | G71: 5 | H71: 2 | I71: 21
A72: Bernard St & Elston Ave | B72: 14 | C72: 16 | D72: 12 | E72: 16 | F72: 4 | G72: 18 | H72: 9 | I72: 89
A73: Bernard St & Peterson Ave | B73: 6 | C73: 9 | D73: 8 | E73: 6 | F73: 4 | G73: 3 | H73: 2 | I73: 38
A74: Big Marsh Park | B74: 8 | C74: 6 | F74: 3 | G74: 3 | H74: 6 | I74: 26
A75: Bissell St & Armitage Ave | B75: 301 | C75: 215 | D75: 194 | E75: 205 | F75: 196 | G75: 193 | H75: 305 | I75: 1609
A76: Blackstone Ave & 53rd St | B76: 94 | C76: 112 | D76: 84 | E76: 69 | F76: 64 | G76: 82 | H76: 74 | I76: 579
A77: Blackstone Ave & 59th St | B77: 31 | C77: 44 | D77: 36 | E77: 43 | F77: 50 | G77: 37 | H77: 48 | I77: 289
A78: Blackstone Ave & Hyde Park Blvd | B78: 63 | C78: 53 | D78: 63 | E78: 51 | F78: 54 | G78: 45 | H78: 52 | I78: 381
A79: Blue Island Ave & 18th St | B79: 96 | C79: 94 | D79: 80 | E79: 79 | F79: 57 | G79: 76 | H79: 108 | I79: 590
A80: Bosworth Ave & Howard St | B80: 18 | C80: 17 | D80: 9 | E80: 5 | F80: 16 | G80: 7 | H80: 19 | I80: 91
A81: Broadway & Argyle St | B81: 140 | C81: 122 | D81: 82 | E81: 102 | F81: 98 | G81: 97 | H81: 153 | I81: 794
A82: Broadway & Barry Ave | B82: 319 | C82: 282 | D82: 217 | E82: 201 | F82: 232 | G82: 259 | H82: 370 | I82: 1880
A83: Broadway & Belmont Ave | B83: 196 | C83: 219 | D83: 159 | E83: 162 | F83: 167 | G83: 202 | H83: 264 | I83: 1369
A84: Broadway & Berwyn Ave | B84: 139 | C84: 98 | D84: 87 | E84: 98 | F84: 101 | G84: 99 | H84: 148 | I84: 770
A85: Broadway & Cornelia Ave | B85: 354 | C85: 335 | D85: 246 | E85: 251 | F85: 228 | G85: 319 | H85: 423 | I85: 2156
A86: Broadway & Cuyler Ave | B86: 61 | C86: 74 | D86: 46 | E86: 54 | F86: 35 | G86: 55 | H86: 61 | I86: 386
... A96: Budlong Woods Library | B96: 16 | C96: 25 | D96: 13 | E96: 9 | F96: 19 | G96: 16 | H96: 10 | I96: 108
A97: Burley Ave & 85th St | B97: 1 | E97: 1 | F97: 1 | G97: 3 | I97: 6
A98: Burley Ave & 91st St | C98: 1 | H98: 4 | I98: 5
A99: Burling St & Diversey Pkwy | B99: 216 | C99: 199 | D99: 146 | E99: 179 | F99: 138 | G99: 177 | H99: 244 | I99: 1299
A100: Burnham Greenway & 105th St | B100: 2 | D100: 2 | E100: 1 | F100: 1 | G100: 1 | H100: 6 | I100: 13
A101: Burnham Greenway & 112th St | B101: 3 | C101: 1 | D101: 5 | E101: 2 | F101: 3 | G101: 2 | H101: 3 | I101: 19
A102: Burnham Harbor | B102: 246 | C102: 143 | D102: 97 | E102: 108 | F102: 131 | G102: 133 | H102: 229 | I102: 1087
A103: Burnham Shores | B103: 21 | C103: 10 | D103: 12 | E103: 13 | F103: 8 | G103: 14 | H103: 22 | I103: 100
A104: California Ave & 16th St | B104: 8 | C104: 11 | D104: 7 | E104: 6 | F104: 5 | G104: 9 | H104: 8 | I104: 54
A105: California Ave & 21st St | B105: 10 | C105: 10 | D105: 8 | E105: 12 | F105: 12 | G105: 27 | H105: 13 | I105: 92
A106: California Ave & 23rd Pl | B106: 5 | C106: 7 | D106: 6 | E106: 4 | F106: 4 | G106: 4 | H106: 6 | I106: 36
A107: California Ave & 26th St | B107: 3 | C107: 4 | D107: 3 | E107: 6 | F107: 3 | G107: 2 | H107: 1 | I107: 22
A108: California Ave & 36th St | B108: 4 | C108: 2 | D108: 5 | E108: 4 | F108: 2 | G108: 1 | I108: 18
A109: California Ave & 41st St | B109: 3 | C109: 3 | E109: 1 | F109: 1 | H109: 1 | I109: 9
...

Sheet Jul-26
A1: Count of start_station_name | B1: Column Labels | C1: Column1 | D1: Column2 | E1: Column3 | F1: Column4 | G1: Column5 | H1: Column6 | I1: Column7
A2: Row Labels | B2: Sunday | C2: Monday | D2: Tuesday | E2: Wednesday | F2: Thursday | G2: Friday | H2: Saturday | I2: Grand Total
A3: 2112 W Peterson Ave | B3: 15 | C3: 15 | D3: 10 | E3: 19 | F3: 15 | G3: 20 | H3: 11 | I3: 105
A4: 21st St & Pulaski Rd | C4: 1 | D4: 1 | E4: 1 | F4: 4 | G4: 1 | H4: 1 | I4: 9
A5: 63rd St Beach | B5: 20 | C5: 25 | D5: 9 | E5: 19 | F5: 27 | G5: 18 | H5: 41 | I5: 159
A6: 900 W Harrison St | B6: 51 | C6: 76 | D6: 95 | E6: 139 | F6: 118 | G6: 115 | H6: 84 | I6: 678
A7: Aberdeen St & 103rd St | C7: 1 | D7: 1 | E7: 1 | H7: 1 | I7: 4
A8: Aberdeen St & Carroll Ave | B8: 102 | C8: 116 | D8: 148 | E8: 197 | F8: 182 | G8: 132 | H8: 96 | I8: 973
A9: Aberdeen St & Jackson Blvd | B9: 140 | C9: 162 | D9: 177 | E9: 241 | F9: 242 | G9: 240 | H9: 177 | I9: 1379
A10: Aberdeen St & Monroe St | B10: 98 | C10: 113 | D10: 133 | E10: 167 | F10: 159 | G10: 148 | H10: 105 | I10: 923
A11: Aberdeen St & Randolph St | B11: 106 | C11: 100 | D11: 124 | E11: 154 | F11: 158 | G11: 108 | H11: 88 | I11: 838
A12: Ada St & 113th Pl | D12: 1 | I12: 1
A13: Ada St & Washington Blvd | B13: 80 | C13: 71 | D13: 83 | E13: 158 | F13: 105 | G13: 109 | H13: 81 | I13: 687
A14: Addison/Racine Corral | B14: 24 | C14: 15 | D14: 22 | E14: 26 | F14: 8 | G14: 17 | H14: 30 | I14: 142
A15: Addison/Sheffield SE Corral | B15: 28 | C15: 8 | D15: 9 | E15: 14 | F15: 2 | G15: 16 | H15: 16 | I15: 93
A16: Addison/Sheffield SW Corral | B16: 40 | C16: 5 | D16: 32 | E16: 33 | F16: 7 | G16: 39 | H16: 61 | I16: 217
A17: Addison/Wilton Corral | B17: 14 | C17: 8 | D17: 24 | E17: 12 | G17: 18 | H17: 32 | I17: 108
A18: Adler Planetarium | B18: 406 | C18: 213 | D18: 273 | E18: 362 | F18: 231 | G18: 275 | H18: 400 | I18: 2160
A19: Albany Ave & 16th St | B19: 7 | C19: 2 | D19: 5 | E19: 3 | F19: 2 | G19: 1 | H19: 3 | I19: 23
A20: Albany Ave & 26th St | C20: 2 | D20: 1 | E20: 3 | F20: 2 | G20: 1 | H20: 2 | I20: 11
A21: Albany Ave & Belmont Ave | B21: 22 | C21: 19 | D21: 36 | E21: 21 | F21: 20 | G21: 28 | H21: 23 | I21: 169
A22: Albany Ave & Bloomingdale Ave | B22: 44 | C22: 39 | D22: 67 | E22: 62 | F22: 59 | G22: 72 | H22: 59 | I22: 402
A23: Albany Ave & Douglas Blvd | C23: 1 | E23: 2 | F23: 2 | I23: 5
A24: Albany Ave & Montrose Ave | B24: 30 | C24: 32 | D24: 39 | E24: 48 | F24: 50 | G24: 39 | H24: 39 | I24: 277
A25: Altgeld Gardens | B25: 1 | C25: 1 | D25: 1 | E25: 4 | F25: 4 | G25: 4 | H25: 1 | I25: 16
A26: Archer (Damen) Ave & 37th St | B26: 11 | C26: 5 | D26: 9 | E26: 10 | F26: 7 | G26: 3 | H26: 9 | I26: 54
A27: Archer Ave & 43rd St | C27: 1 | D27: 2 | E27: 1 | F27: 2 | I27: 6
A28: Archer Ave & 49th St | B28: 1 | C28: 1 | D28: 1 | F28: 3 | G28: 2 | H28: 2 | I28: 10
A29: Archer Ave & Homan Ave | B29: 1 | C29: 5 | D29: 1 | E29: 2 | F29: 2 | G29: 1 | H29: 2 | I29: 14
A30: Archer Ave & Wentworth Ave | B30: 86 | C30: 21 | D30: 42 | E30: 33 | F30: 64 | G30: 50 | H30: 93 | I30: 389
A31: Arrington Lagoon | F31: 1 | G31: 1 | I31: 2
A32: Artesian Ave & 55th St | B32: 4 | C32: 1 | D32: 2 | E32: 3 | F32: 4 | G32: 2 | H32: 3 | I32: 19
A33: Artesian Ave & 71st St | B33: 1 | E33: 1 | H33: 1 | I33: 3
A34: Artesian Ave & Hubbard St | B34: 32 | C34: 72 | D34: 94 | E34: 127 | F34: 100 | G34: 53 | H34: 32 | I34: 510
A35: Artesian Ave & Marquette Rd | D35: 1 | E35: 1 | F35: 1 | G35: 1 | H35: 1 | I35: 5
A36: Ashland Ave & 13th St | B36: 59 | C36: 48 | D36: 62 | E36: 41 | F36: 47 | G36: 54 | H36: 35 | I36: 346
A37: Ashland Ave & 50th St | C37: 2 | D37: 4 | E37: 5 | F37: 5 | G37: 2 | I37: 18
A38: Ashland Ave & 63rd St | E38: 1 | F38: 1 | G38: 1 | H38: 3 | I38: 6
A39: Ashland Ave & 66th St | C39: 1 | D39: 2 | I39: 3
A40: Ashland Ave & 74th St | E40: 3 | G40: 2 | I40: 5
A41: Ashland Ave & 78th St | E41: 1 | G41: 1 | I41: 2
A42: Ashland Ave & Augusta Blvd | B42: 86 | C42: 111 | D42: 121 | E42: 130 | F42: 134 | G42: 106 | H42: 113 | I42: 801
A43: Ashland Ave & Belle Plaine Ave | B43: 45 | C43: 47 | D43: 44 | E43: 60 | F43: 63 | G43: 67 | H43: 42 | I43: 368
A44: Ashland Ave & Blackhawk St | B44: 141 | C44: 75 | D44: 85 | E44: 121 | F44: 109 | G44: 123 | H44: 119 | I44: 773
A45: Ashland Ave & Chicago Ave | B45: 98 | C45: 78 | D45: 116 | E45: 135 | F45: 116 | G45: 138 | H45: 101 | I45: 782
A46: Ashland Ave & Garfield Blvd | B46: 2 | C46: 2 | D46: 1 | E46: 1 | F46: 1 | H46: 3 | I46: 10
A47: Ashland Ave & Grace St | B47: 81 | C47: 72 | D47: 83 | E47: 113 | F47: 92 | G47: 117 | H47: 98 | I47: 656
A48: Ashland Ave & Grand Ave | B48: 50 | C48: 53 | D48: 66 | E48: 119 | F48: 74 | G48: 84 | H48: 81 | I48: 527
A49: Ashland Ave & Lake St | B49: 70 | C49: 68 | D49: 89 | E49: 93 | F49: 97 | G49: 96 | H49: 70 | I49: 583
A50: Ashland Ave & McDowell Ave | B50: 1 | C50: 3 | D50: 2 | E50: 3 | F50: 4 | G50: 2 | H50: 1 | I50: 16
A51: Ashland Ave & Pershing Rd | B51: 5 | C51: 3 | D51: 2 | E51: 3 | F51: 7 | G51: 5 | H51: 6 | I51: 31
A52: Ashland Ave & Wellington Ave | B52: 118 | C52: 100 | D52: 90 | E52: 106 | F52: 99 | G52: 111 | H52: 107 | I52: 731
A53: Ashland Ave & Wrightwood Ave | B53: 65 | C53: 69 | D53: 68 | E53: 102 | F53: 79 | G53: 74 | H53: 87 | I53: 544
A54: Austin Ave & Milwaukee Ave | B54: 2 | E54: 4 | G54: 5 | H54: 3 | I54: 14
A55: Austin Blvd & Chicago Ave | B55: 4 | C55: 1 | D55: 3 | E55: 2 | F55: 1 | G55: 1 | I55: 12
A56: Austin Blvd & Lake St | B56: 8 | C56: 6 | D56: 6 | E56: 10 | F56: 7 | G56: 5 | H56: 10 | I56: 52
A57: Austin Blvd & Madison St | B57: 3 | C57: 1 | D57: 6 | E57: 1 | F57: 2 | G57: 2 | H57: 3 | I57: 18
A58: Ave H & 110th St | B58: 1 | C58: 4 | D58: 2 | F58: 2 | I58: 9
A59: Ave L & 114th | E59: 6 | G59: 1 | H59: 1 | I59: 8
A60: Avenue O & 118th St | B60: 1 | C60: 1 | E60: 1 | F60: 1 | G60: 1 | H60: 1 | I60: 6
A61: Avenue O & 134th St | D61: 1 | E61: 2 | H61: 2 | I61: 5
A62: Avers Ave & 103rd St | C62: 3 | D62: 1 | H62: 2 | I62: 6
A63: Avers Ave & 16th St | C63: 2 | D63: 3 | E63: 4 | F63: 5 | G63: 3 | I63: 17
A64: Avers Ave & Belmont Ave | B64: 53 | C64: 48 | D64: 54 | E64: 77 | F64: 55 | G64: 53 | H64: 63 | I64: 403
A65: Avers Ave & Foster Ave | B65: 7 | C65: 5 | D65: 10 | E65: 7 | F65: 4 | G65: 6 | H65: 5 | I65: 44
A66: Avondale Ave & Irving Park Rd | B66: 16 | C66: 43 | D66: 39 | E66: 60 | F66: 51 | G66: 23 | H66: 28 | I66: 260
A67: Baltimore Ave & 133rd St | C67: 1 | E67: 1 | H67: 1 | I67: 3
A68: Baltimore Ave & 87th St | B68: 4 | C68: 2 | D68: 3 | E68: 2 | F68: 2 | G68: 1 | H68: 1 | I68: 15
A69: Bennett Ave & 79th St | B69: 1 | C69: 3 | F69: 2 | I69: 6
A70: Benson Ave & Church St | B70: 48 | C70: 66 | D70: 81 | E70: 92 | F70: 77 | G70: 91 | H70: 58 | I70: 513
A71: Bent Park | G71: 1 | I71: 1
A72: Bernard St & Elston Ave | B72: 15 | C72: 14 | D72: 17 | E72: 27 | F72: 23 | G72: 22 | H72: 17 | I72: 135
A73: Bernard St & Peterson Ave | B73: 4 | C73: 14 | D73: 10 | E73: 9 | F73: 8 | G73: 5 | H73: 3 | I73: 53
A74: Big Marsh Park | B74: 6 | C74: 5 | D74: 9 | E74: 3 | F74: 3 | G74: 4 | H74: 11 | I74: 41
A75: Bissell St & Armitage Ave | B75: 236 | C75: 185 | D75: 187 | E75: 249 | F75: 195 | G75: 202 | H75: 247 | I75: 1501
A76: Blackstone Ave & 53rd St | B76: 67 | C76: 72 | D76: 92 | E76: 117 | F76: 110 | G76: 73 | H76: 70 | I76: 601
A77: Blackstone Ave & 59th St | B77: 40 | C77: 53 | D77: 69 | E77: 91 | F77: 73 | G77: 44 | H77: 55 | I77: 425
A78: Blackstone Ave & Hyde Park Blvd | B78: 57 | C78: 51 | D78: 54 | E78: 70 | F78: 63 | G78: 87 | H78: 74 | I78: 456
A79: Blue Island Ave & 18th St | B79: 92 | C79: 80 | D79: 86 | E79: 102 | F79: 97 | G79: 105 | H79: 93 | I79: 655
A80: Bosworth Ave & Howard St | B80: 17 | C80: 9 | D80: 10 | E80: 15 | F80: 14 | G80: 11 | H80: 18 | I80: 94
A81: Broadway & Argyle St | B81: 110 | C81: 89 | D81: 82 | E81: 126 | F81: 120 | G81: 113 | H81: 132 | I81: 772
A82: Broadway & Barry Ave | B82: 305 | C82: 197 | D82: 230 | E82: 301 | F82: 242 | G82: 300 | H82: 325 | I82: 1900
A83: Broadway & Belmont Ave | B83: 168 | C83: 129 | D83: 166 | E83: 200 | F83: 170 | G83: 189 | H83: 198 | I83: 1220
... A96: Budlong Woods Library | B96: 11 | C96: 14 | D96: 9 | E96: 13 | F96: 21 | G96: 12 | H96: 10 | I96: 90
A97: Burley Ave & 85th St | B97: 3 | C97: 2 | D97: 1 | E97: 3 | I97: 9
A98: Burling St & Diversey Pkwy | B98: 197 | C98: 144 | D98: 157 | E98: 211 | F98: 140 | G98: 189 | H98: 179 | I98: 1217
A99: Burnham Greenway & 105th St | B99: 1 | D99: 3 | E99: 4 | F99: 2 | H99: 2 | I99: 12
A100: Burnham Greenway & 112th St | B100: 6 | C100: 4 | D100: 6 | E100: 6 | F100: 9 | G100: 4 | H100: 2 | I100: 37
A101: Burnham Harbor | B101: 209 | C101: 125 | D101: 142 | E101: 178 | F101: 141 | G101: 147 | H101: 256 | I101: 1198
A102: California Ave & 16th St | B102: 7 | C102: 7 | D102: 10 | E102: 10 | F102: 10 | G102: 14 | H102: 9 | I102: 67
A103: California Ave & 21st St | B103: 10 | C103: 13 | D103: 14 | E103: 25 | F103: 22 | G103: 14 | H103: 5 | I103: 103
A104: California Ave & 23rd Pl | B104: 5 | C104: 7 | D104: 8 | E104: 12 | F104: 7 | G104: 5 | H104: 5 | I104: 49
A105: California Ave & 26th St | C105: 7 | D105: 8 | E105: 8 | F105: 7 | G105: 4 | H105: 1 | I105: 35
A106: California Ave & 36th St | B106: 1 | C106: 3 | D106: 1 | E106: 3 | F106: 1 | G106: 3 | H106: 2 | I106: 14
A107: California Ave & 41st St | B107: 6 | C107: 1 | D107: 4 | E107: 2 | F107: 6 | G107: 4 | H107: 6 | I107: 29
A108: California Ave & 71st St | C108: 2 | D108: 1 | F108: 1 | G108: 3 | H108: 1 | I108: 8
A109: California Ave & Altgeld St | B109: 50 | C109: 37 | D109: 55 | E109: 56 | F109: 45 | G109: 56 | H109: 46 | I109: 345
A110: California Ave & Byron St | B110: 33 | C110: 36 | D110: 55 | E110: 62 | F110: 60 | G110: 43 | H110: 46 | I110: 335
A111: California Ave & Cortez St | B111: 75 | C111: 42 | D111: 54 | E111: 75 | F111: 67 | G111: 77 | H111: 83 | I111: 473
A112: California Ave & Division St | B112: 59 | C112: 53 | D112: 63 | E112: 67 | F112: 49 | G112: 65 | H112: 64 | I112: 420
...

Sheet Jun-26
A1: Count of start_station_name | B1: Column Labels | C1: Column1 | D1: Column2 | E1: Column3 | F1: Column4 | G1: Column5 | H1: Column6 | I1: Column7
A2: Row Labels | B2: Sunday | C2: Monday | D2: Tuesday | E2: Wednesday | F2: Thursday | G2: Friday | H2: Saturday | I2: Grand Total
A3: 2112 W Peterson Ave | B3: 7 | C3: 15 | D3: 8 | E3: 3 | F3: 8 | G3: 7 | H3: 13 | I3: 61
A4: 21st St & Pulaski Rd | C4: 1 | D4: 2 | E4: 1 | G4: 1 | H4: 4 | I4: 9
A5: 63rd St Beach | B5: 25 | C5: 22 | D5: 26 | E5: 8 | F5: 24 | G5: 31 | H5: 60 | I5: 196
A6: 900 W Harrison St | B6: 53 | C6: 91 | D6: 146 | E6: 107 | F6: 92 | G6: 94 | H6: 79 | I6: 662
A7: Aberdeen St & 103rd St | B7: 1 | C7: 1 | H7: 1 | I7: 3
A8: Aberdeen St & Carroll Ave | B8: 80 | C8: 157 | D8: 194 | E8: 143 | F8: 133 | G8: 122 | H8: 110 | I8: 939
A9: Aberdeen St & Jackson Blvd | B9: 132 | C9: 225 | D9: 224 | E9: 130 | F9: 173 | G9: 178 | H9: 174 | I9: 1236
A10: Aberdeen St & Monroe St | B10: 67 | C10: 112 | D10: 160 | E10: 97 | F10: 93 | G10: 100 | H10: 81 | I10: 710
A11: Aberdeen St & Randolph St | B11: 51 | C11: 83 | D11: 109 | E11: 105 | F11: 111 | G11: 85 | H11: 83 | I11: 627
A12: Ada St & 113th Pl | C12: 1 | D12: 4 | E12: 1 | F12: 2 | H12: 1 | I12: 9
A13: Ada St & Washington Blvd | B13: 45 | C13: 117 | D13: 114 | E13: 91 | F13: 110 | G13: 101 | H13: 86 | I13: 664
A14: Addison/Racine Corral | B14: 7 | C14: 26 | D14: 34 | E14: 18 | F14: 15 | G14: 33 | H14: 20 | I14: 153
A15: Addison/Sheffield SE Corral | B15: 8 | C15: 20 | D15: 25 | E15: 10 | F15: 12 | G15: 34 | H15: 17 | I15: 126
A16: Addison/Sheffield SW Corral | B16: 21 | C16: 35 | D16: 45 | E16: 14 | F16: 22 | G16: 59 | H16: 59 | I16: 255
A17: Addison/Wilton Corral | B17: 4 | C17: 12 | D17: 17 | E17: 7 | G17: 11 | H17: 26 | I17: 77
A18: Adler Planetarium | B18: 244 | C18: 224 | D18: 251 | E18: 123 | F18: 228 | G18: 263 | H18: 576 | I18: 1909
A19: Albany Ave & 16th St | B19: 4 | C19: 1 | D19: 2 | E19: 1 | F19: 3 | H19: 4 | I19: 15
A20: Albany Ave & 26th St | B20: 1 | C20: 4 | D20: 1 | E20: 2 | G20: 4 | H20: 4 | I20: 16
A21: Albany Ave & Belmont Ave | B21: 19 | C21: 27 | D21: 36 | E21: 19 | F21: 29 | G21: 25 | H21: 15 | I21: 170
A22: Albany Ave & Bloomingdale Ave | B22: 48 | C22: 52 | D22: 62 | E22: 45 | F22: 66 | G22: 56 | H22: 62 | I22: 391
A23: Albany Ave & Douglas Blvd | B23: 2 | C23: 4 | D23: 2 | E23: 1 | F23: 2 | G23: 3 | I23: 14
A24: Albany Ave & Montrose Ave | B24: 34 | C24: 28 | D24: 39 | E24: 33 | F24: 31 | G24: 46 | H24: 50 | I24: 261
A25: Altgeld Gardens | C25: 1 | D25: 1 | F25: 2 | H25: 2 | I25: 6
A26: Archer (Damen) Ave & 37th St | B26: 5 | C26: 11 | D26: 5 | E26: 6 | F26: 6 | G26: 8 | H26: 9 | I26: 50
A27: Archer Ave & 43rd St | B27: 1 | C27: 3 | D27: 2 | E27: 3 | G27: 1 | I27: 10
A28: Archer Ave & 49th St | B28: 1 | C28: 2 | D28: 2 | E28: 4 | F28: 1 | G28: 3 | H28: 1 | I28: 14
A29: Archer Ave & Homan Ave | B29: 1 | C29: 2 | D29: 1 | F29: 1 | G29: 4 | H29: 2 | I29: 11
A30: Archer Ave & Wentworth Ave | B30: 48 | C30: 37 | D30: 54 | E30: 26 | F30: 30 | G30: 54 | H30: 74 | I30: 323
A31: Artesian Ave & 55th St | B31: 1 | C31: 1 | D31: 1 | E31: 2 | F31: 1 | I31: 6
A32: Artesian Ave & 71st St | B32: 1 | G32: 2 | I32: 3
A33: Artesian Ave & Hubbard St | B33: 34 | C33: 97 | D33: 131 | E33: 90 | F33: 92 | G33: 60 | H33: 27 | I33: 531
A34: Artesian Ave & Marquette Rd | B34: 1 | C34: 1 | D34: 1 | E34: 1 | F34: 1 | I34: 5
A35: Ashland Ave & 13th St | B35: 31 | C35: 86 | D35: 91 | E35: 53 | F35: 55 | G35: 67 | H35: 59 | I35: 442
A36: Ashland Ave & 50th St | B36: 3 | C36: 6 | D36: 7 | E36: 6 | F36: 5 | G36: 5 | H36: 1 | I36: 33
A37: Ashland Ave & 63rd St | D37: 1 | F37: 1 | G37: 2 | H37: 1 | I37: 5
A38: Ashland Ave & 66th St | D38: 1 | F38: 1 | G38: 1 | I38: 3
A39: Ashland Ave & 74th St | B39: 2 | D39: 2 | E39: 5 | F39: 1 | G39: 4 | H39: 5 | I39: 19
A40: Ashland Ave & 78th St | C40: 1 | D40: 1 | G40: 1 | I40: 3
A41: Ashland Ave & Augusta Blvd | B41: 63 | C41: 129 | D41: 145 | E41: 102 | F41: 109 | G41: 108 | H41: 107 | I41: 763
A42: Ashland Ave & Belle Plaine Ave | B42: 40 | C42: 44 | D42: 63 | E42: 39 | F42: 42 | G42: 59 | H42: 55 | I42: 342
A43: Ashland Ave & Blackhawk St | B43: 86 | C43: 109 | D43: 102 | E43: 78 | F43: 105 | G43: 97 | H43: 158 | I43: 735
A44: Ashland Ave & Chicago Ave | B44: 64 | C44: 96 | D44: 125 | E44: 63 | F44: 101 | G44: 95 | H44: 116 | I44: 660
A45: Ashland Ave & Garfield Blvd | D45: 5 | F45: 1 | G45: 1 | I45: 7
A46: Ashland Ave & Grace St | B46: 95 | C46: 89 | D46: 104 | E46: 64 | F46: 87 | G46: 126 | H46: 141 | I46: 706
A47: Ashland Ave & Grand Ave | B47: 43 | C47: 68 | D47: 93 | E47: 72 | F47: 89 | G47: 73 | H47: 85 | I47: 523
A48: Ashland Ave & Lake St | B48: 55 | C48: 85 | D48: 108 | E48: 58 | F48: 77 | G48: 73 | H48: 75 | I48: 531
A49: Ashland Ave & McDowell Ave | B49: 6 | C49: 3 | D49: 8 | E49: 4 | F49: 4 | G49: 1 | H49: 3 | I49: 29
A50: Ashland Ave & Pershing Rd | B50: 1 | C50: 4 | D50: 9 | E50: 2 | F50: 8 | G50: 5 | H50: 4 | I50: 33
A51: Ashland Ave & Wellington Ave | B51: 64 | C51: 84 | D51: 129 | E51: 68 | F51: 113 | G51: 122 | H51: 107 | I51: 687
A52: Ashland Ave & Wrightwood Ave | B52: 60 | C52: 87 | D52: 96 | E52: 57 | F52: 75 | G52: 83 | H52: 109 | I52: 567
A53: Austin Ave & Milwaukee Ave | B53: 1 | C53: 3 | F53: 4 | H53: 1 | I53: 9
A54: Austin Blvd & Chicago Ave | B54: 1 | D54: 3 | E54: 1 | F54: 2 | G54: 1 | H54: 3 | I54: 11
A55: Austin Blvd & Lake St | B55: 6 | C55: 11 | D55: 13 | E55: 6 | F55: 2 | G55: 4 | H55: 14 | I55: 56
A56: Austin Blvd & Madison St | B56: 6 | C56: 2 | D56: 2 | E56: 2 | G56: 2 | H56: 2 | I56: 16
A57: Ave H & 110th St | C57: 2 | E57: 1 | H57: 4 | I57: 7
A58: Ave L & 114th | C58: 1 | D58: 1 | F58: 1 | I58: 3
A59: Avenue O & 118th St | D59: 1 | E59: 1 | F59: 2 | G59: 1 | I59: 5
A60: Avenue O & 134th St | B60: 1 | F60: 2 | G60: 2 | I60: 5
A61: Avers Ave & 103rd St | C61: 1 | D61: 1 | H61: 1 | I61: 3
A62: Avers Ave & 16th St | B62: 1 | C62: 1 | D62: 3 | F62: 1 | H62: 1 | I62: 7
A63: Avers Ave & Belmont Ave | B63: 58 | C63: 52 | D63: 60 | E63: 36 | F63: 50 | G63: 60 | H63: 61 | I63: 377
A64: Avers Ave & Foster Ave | B64: 6 | C64: 4 | D64: 6 | E64: 4 | F64: 3 | G64: 6 | H64: 9 | I64: 38
A65: Avondale Ave & Irving Park Rd | B65: 20 | C65: 48 | D65: 46 | E65: 26 | F65: 38 | G65: 43 | H65: 28 | I65: 249
A66: Baltimore Ave & 133rd St | C66: 2 | D66: 1 | E66: 2 | H66: 1 | I66: 6
A67: Baltimore Ave & 87th St | B67: 1 | C67: 4 | D67: 2 | F67: 2 | G67: 2 | H67: 1 | I67: 12
A68: Bennett Ave & 79th St | C68: 3 | D68: 1 | F68: 1 | H68: 1 | I68: 6
A69: Benson Ave & Church St | B69: 65 | C69: 92 | D69: 95 | E69: 57 | F69: 82 | G69: 71 | H69: 81 | I69: 543
A70: Bernard St & Elston Ave | B70: 12 | C70: 13 | D70: 19 | E70: 17 | F70: 19 | G70: 15 | H70: 29 | I70: 124
A71: Bernard St & Peterson Ave | B71: 2 | C71: 5 | D71: 4 | E71: 5 | F71: 6 | G71: 5 | I71: 27
A72: Big Marsh Park | B72: 7 | C72: 5 | D72: 3 | G72: 6 | H72: 5 | I72: 26
A73: Bissell St & Armitage Ave | B73: 221 | C73: 217 | D73: 244 | E73: 128 | F73: 185 | G73: 264 | H73: 294 | I73: 1553
A74: Blackstone Ave & 53rd St | B74: 53 | C74: 100 | D74: 109 | E74: 63 | F74: 76 | G74: 79 | H74: 76 | I74: 556
A75: Blackstone Ave & 59th St | B75: 39 | C75: 57 | D75: 61 | E75: 34 | F75: 52 | G75: 45 | H75: 83 | I75: 371
A76: Blackstone Ave & Hyde Park Blvd | B76: 52 | C76: 79 | D76: 59 | E76: 46 | F76: 43 | G76: 58 | H76: 76 | I76: 413
A77: Blue Island Ave & 18th St | B77: 64 | C77: 86 | D77: 100 | E77: 63 | F77: 82 | G77: 74 | H77: 80 | I77: 549
A78: Bosworth Ave & Howard St | B78: 10 | C78: 13 | D78: 22 | E78: 6 | F78: 9 | G78: 10 | H78: 21 | I78: 91
A79: Broadway & Argyle St | B79: 98 | C79: 101 | D79: 109 | E79: 74 | F79: 87 | G79: 92 | H79: 154 | I79: 715
A80: Broadway & Barry Ave | B80: 159 | C80: 218 | D80: 277 | E80: 180 | F80: 214 | G80: 276 | H80: 258 | I80: 1582
A81: Broadway & Belmont Ave | B81: 107 | C81: 136 | D81: 184 | E81: 141 | F81: 170 | G81: 186 | H81: 187 | I81: 1111
A82: Broadway & Berwyn Ave | B82: 96 | C82: 93 | D82: 80 | E82: 65 | F82: 74 | G82: 86 | H82: 92 | I82: 586
A83: Broadway & Cornelia Ave | B83: 255 | C83: 273 | D83: 306 | E83: 207 | F83: 216 | G83: 246 | H83: 334 | I83: 1837
A84: Broadway & Cuyler Ave | B84: 62 | C84: 69 | D84: 56 | E84: 39 | F84: 56 | G84: 55 | H84: 96 | I84: 433
... A94: Budlong Woods Library | B94: 11 | C94: 19 | D94: 10 | E94: 6 | F94: 11 | G94: 8 | H94: 12 | I94: 77
A95: Burley Ave & 85th St | B95: 1 | E95: 1 | F95: 1 | G95: 2 | H95: 2 | I95: 7
A96: Burley Ave & 91st St | D96: 1 | F96: 1 | H96: 2 | I96: 4
A97: Burling St & Diversey Pkwy | B97: 170 | C97: 167 | D97: 180 | E97: 103 | F97: 118 | G97: 161 | H97: 219 | I97: 1118
A98: Burnham Greenway & 105th St | B98: 1 | D98: 1 | E98: 1 | H98: 1 | I98: 4
A99: Burnham Greenway & 112th St | B99: 2 | C99: 4 | D99: 2 | E99: 1 | F99: 3 | G99: 5 | H99: 3 | I99: 20
A100: Burnham Harbor | B100: 187 | C100: 175 | D100: 159 | E100: 97 | F100: 99 | G100: 157 | H100: 342 | I100: 1216
A101: California Ave & 16th St | B101: 14 | C101: 11 | D101: 7 | E101: 4 | F101: 11 | G101: 13 | H101: 12 | I101: 72
A102: California Ave & 21st St | B102: 8 | C102: 13 | D102: 20 | E102: 6 | F102: 15 | G102: 12 | H102: 18 | I102: 92
A103: California Ave & 23rd Pl | B103: 9 | C103: 7 | D103: 9 | E103: 7 | F103: 5 | G103: 7 | H103: 7 | I103: 51
A104: California Ave & 26th St | C104: 7 | D104: 7 | E104: 2 | F104: 3 | G104: 2 | I104: 21
A105: California Ave & 36th St | B105: 1 | C105: 6 | D105: 7 | E105: 8 | F105: 4 | G105: 8 | H105: 3 | I105: 37
A106: California Ave & 41st St | B106: 2 | C106: 1 | D106: 7 | F106: 3 | G106: 1 | I106: 14
A107: California Ave & 71st St | C107: 3 | D107: 4 | E107: 3 | G107: 1 | H107: 3 | I107: 14
A108: California Ave & Altgeld St | B108: 48 | C108: 42 | D108: 65 | E108: 29 | F108: 46 | G108: 40 | H108: 59 | I108: 329
A109: California Ave & Byron St | B109: 43 | C109: 64 | D109: 55 | E109: 17 | F109: 40 | G109: 32 | H109: 55 | I109: 306
...

Sheet May-26
A1: Count of start_station_name | B1: Column Labels | C1: Column1 | D1: Column2 | E1: Column3 | F1: Column4 | G1: Column5 | H1: Column6 | I1: Column7
A2: Row Labels | B2: Sunday | C2: Monday | D2: Tuesday | E2: Wednesday | F2: Thursday | G2: Friday | H2: Saturday | I2: Grand Total
A3: 2112 W Peterson Ave | B3: 20 | C3: 14 | D3: 9 | E3: 9 | F3: 7 | G3: 16 | H3: 16 | I3: 91
A4: 21st St & Pulaski Rd | B4: 1 | C4: 1 | E4: 1 | G4: 3 | H4: 2 | I4: 8
A5: 63rd St Beach | B5: 29 | C5: 21 | D5: 13 | E5: 7 | F5: 8 | G5: 18 | H5: 18 | I5: 114
A6: 900 W Harrison St | B6: 57 | C6: 67 | D6: 66 | E6: 79 | F6: 58 | G6: 130 | H6: 71 | I6: 528
A7: Aberdeen St & 103rd St | B7: 1 | D7: 2 | E7: 3 | H7: 4 | I7: 10
A8: Aberdeen St & 106th St | D8: 1 | I8: 1
A9: Aberdeen St & Carroll Ave | B9: 61 | C9: 93 | D9: 104 | E9: 103 | F9: 113 | G9: 111 | H9: 88 | I9: 673
A10: Aberdeen St & Jackson Blvd | B10: 122 | C10: 151 | D10: 137 | E10: 165 | F10: 157 | G10: 179 | H10: 157 | I10: 1068
A11: Aberdeen St & Monroe St | B11: 94 | C11: 74 | D11: 90 | E11: 96 | F11: 107 | G11: 109 | H11: 96 | I11: 666
A12: Aberdeen St & Randolph St | B12: 104 | C12: 107 | D12: 108 | E12: 155 | F12: 146 | G12: 124 | H12: 137 | I12: 881
A13: Ada St & 113th Pl | D13: 1 | E13: 1 | G13: 2 | H13: 1 | I13: 5
A14: Ada St & Washington Blvd | B14: 68 | C14: 75 | D14: 83 | E14: 95 | F14: 94 | G14: 105 | H14: 71 | I14: 591
A15: Addison/Racine Corral | B15: 20 | C15: 21 | D15: 23 | E15: 34 | F15: 3 | G15: 13 | H15: 20 | I15: 134
A16: Addison/Sheffield SE Corral | B16: 14 | C16: 11 | D16: 19 | E16: 13 | F16: 2 | G16: 3 | H16: 14 | I16: 76
A17: Addison/Sheffield SW Corral | B17: 22 | C17: 47 | D17: 42 | E17: 9 | F17: 11 | G17: 17 | H17: 15 | I17: 163
A18: Addison/Wilton Corral | B18: 10 | C18: 17 | D18: 1 | E18: 2 | F18: 4 | G18: 9 | H18: 11 | I18: 54
A19: Adler Planetarium | B19: 304 | C19: 266 | D19: 153 | E19: 163 | F19: 131 | G19: 168 | H19: 417 | I19: 1602
A20: Albany Ave & 16th St | B20: 2 | C20: 1 | E20: 1 | F20: 3 | G20: 7 | H20: 2 | I20: 16
A21: Albany Ave & 26th St | E21: 3 | F21: 2 | G21: 5 | H21: 2 | I21: 12
A22: Albany Ave & Belmont Ave | B22: 23 | C22: 12 | D22: 18 | E22: 19 | F22: 21 | G22: 15 | H22: 23 | I22: 131
A23: Albany Ave & Bloomingdale Ave | B23: 55 | C23: 46 | D23: 49 | E23: 61 | F23: 44 | G23: 70 | H23: 62 | I23: 387
A24: Albany Ave & Douglas Blvd | B24: 1 | E24: 2 | F24: 2 | G24: 2 | H24: 3 | I24: 10
A25: Albany Ave & Montrose Ave | B25: 53 | C25: 29 | D25: 29 | E25: 33 | F25: 33 | G25: 47 | H25: 46 | I25: 270
A26: Altgeld Gardens | G26: 1 | I26: 1
A27: Archer (Damen) Ave & 37th St | B27: 10 | C27: 9 | D27: 6 | E27: 5 | F27: 4 | G27: 11 | H27: 11 | I27: 56
A28: Archer Ave & 43rd St | B28: 2 | C28: 1 | E28: 1 | F28: 3 | I28: 7
A29: Archer Ave & 49th St | C29: 1 | E29: 1 | H29: 2 | I29: 4
A30: Archer Ave & Homan Ave | B30: 1 | C30: 1 | D30: 1 | E30: 1 | F30: 1 | G30: 1 | I30: 6
A31: Archer Ave & Wentworth Ave | B31: 54 | C31: 31 | D31: 27 | E31: 19 | F31: 36 | G31: 34 | H31: 62 | I31: 263
A32: Artesian Ave & 55th St | C32: 3 | D32: 4 | E32: 4 | F32: 4 | G32: 3 | H32: 1 | I32: 19
A33: Artesian Ave & 71st St | B33: 4 | C33: 1 | I33: 5
A34: Artesian Ave & Hubbard St | B34: 37 | C34: 67 | D34: 78 | E34: 99 | F34: 106 | G34: 69 | H34: 24 | I34: 480
A35: Artesian Ave & Marquette Rd | B35: 1 | E35: 1 | F35: 2 | G35: 1 | H35: 4 | I35: 9
A36: Ashland Ave & 13th St | B36: 65 | C36: 46 | D36: 64 | E36: 55 | F36: 37 | G36: 58 | H36: 57 | I36: 382
A37: Ashland Ave & 50th St | C37: 4 | D37: 1 | E37: 4 | F37: 1 | G37: 5 | H37: 2 | I37: 17
A38: Ashland Ave & 63rd St | B38: 1 | C38: 1 | D38: 2 | E38: 1 | I38: 5
A39: Ashland Ave & 74th St | C39: 3 | D39: 2 | E39: 3 | F39: 2 | G39: 2 | H39: 1 | I39: 13
A40: Ashland Ave & 78th St | B40: 2 | D40: 1 | G40: 1 | I40: 4
A41: Ashland Ave & Augusta Blvd | B41: 82 | C41: 83 | D41: 99 | E41: 105 | F41: 117 | G41: 110 | H41: 110 | I41: 706
A42: Ashland Ave & Belle Plaine Ave | B42: 45 | C42: 41 | D42: 41 | E42: 31 | F42: 41 | G42: 50 | H42: 53 | I42: 302
A43: Ashland Ave & Blackhawk St | B43: 104 | C43: 76 | D43: 62 | E43: 78 | F43: 82 | G43: 96 | H43: 172 | I43: 670
A44: Ashland Ave & Chicago Ave | B44: 73 | C44: 63 | D44: 78 | E44: 107 | F44: 98 | G44: 110 | H44: 129 | I44: 658
A45: Ashland Ave & Garfield Blvd | B45: 1 | C45: 2 | D45: 1 | F45: 3 | G45: 1 | H45: 1 | I45: 9
A46: Ashland Ave & Grace St | B46: 81 | C46: 53 | D46: 65 | E46: 54 | F46: 44 | G46: 85 | H46: 89 | I46: 471
A47: Ashland Ave & Grand Ave | B47: 59 | C47: 51 | D47: 59 | E47: 70 | F47: 66 | G47: 90 | H47: 65 | I47: 460
A48: Ashland Ave & Lake St | B48: 59 | C48: 56 | D48: 63 | E48: 77 | F48: 75 | G48: 83 | H48: 72 | I48: 485
A49: Ashland Ave & McDowell Ave | B49: 4 | C49: 2 | D49: 4 | E49: 5 | F49: 5 | G49: 5 | H49: 5 | I49: 30
A50: Ashland Ave & Pershing Rd | C50: 6 | D50: 2 | E50: 5 | F50: 3 | G50: 4 | H50: 3 | I50: 23
A51: Ashland Ave & Wellington Ave | B51: 94 | C51: 71 | D51: 58 | E51: 62 | F51: 74 | G51: 92 | H51: 117 | I51: 568
A52: Ashland Ave & Wrightwood Ave | B52: 64 | C52: 60 | D52: 69 | E52: 72 | F52: 65 | G52: 78 | H52: 62 | I52: 470
A53: Austin Ave & Milwaukee Ave | B53: 1 | C53: 4 | D53: 2 | E53: 1 | F53: 1 | G53: 4 | H53: 2 | I53: 15
A54: Austin Blvd & Chicago Ave | B54: 5 | C54: 1 | D54: 2 | E54: 3 | F54: 1 | G54: 3 | H54: 4 | I54: 19
A55: Austin Blvd & Lake St | B55: 6 | C55: 4 | D55: 1 | E55: 3 | F55: 3 | G55: 3 | H55: 13 | I55: 33
A56: Austin Blvd & Madison St | B56: 3 | D56: 2 | E56: 2 | F56: 3 | G56: 2 | H56: 2 | I56: 14
A57: Ave H & 110th St | B57: 2 | C57: 1 | H57: 1 | I57: 4
A58: Ave L & 114th | C58: 2 | E58: 4 | F58: 2 | G58: 3 | I58: 11
A59: Avenue O & 118th St | B59: 1 | I59: 1
A60: Avers Ave & 103rd St | B60: 1 | E60: 1 | I60: 2
A61: Avers Ave & 16th St | D61: 1 | G61: 1 | I61: 2
A62: Avers Ave & Belmont Ave | B62: 55 | C62: 35 | D62: 33 | E62: 26 | F62: 36 | G62: 44 | H62: 56 | I62: 285
A63: Avers Ave & Foster Ave | B63: 7 | C63: 11 | D63: 6 | E63: 6 | F63: 4 | G63: 11 | H63: 4 | I63: 49
A64: Avondale Ave & Irving Park Rd | B64: 26 | C64: 24 | D64: 31 | E64: 37 | F64: 27 | G64: 25 | H64: 42 | I64: 212
A65: Baltimore Ave & 133rd St | D65: 4 | E65: 1 | I65: 5
A66: Baltimore Ave & 87th St | B66: 4 | C66: 2 | D66: 2 | E66: 3 | F66: 1 | G66: 4 | H66: 1 | I66: 17
A67: Bennett Ave & 79th St | F67: 1 | G67: 1 | H67: 4 | I67: 6
A68: Benson Ave & Church St | B68: 83 | C68: 65 | D68: 69 | E68: 75 | F68: 71 | G68: 95 | H68: 99 | I68: 557
A69: Bernard St & Elston Ave | B69: 15 | C69: 8 | D69: 12 | E69: 17 | F69: 14 | G69: 20 | H69: 17 | I69: 103
A70: Bernard St & Peterson Ave | B70: 10 | C70: 6 | D70: 7 | E70: 6 | F70: 4 | G70: 10 | H70: 2 | I70: 45
A71: Big Marsh Park | B71: 12 | C71: 6 | D71: 3 | E71: 4 | F71: 3 | G71: 16 | H71: 11 | I71: 55
A72: Bissell St & Armitage Ave | B72: 256 | C72: 128 | D72: 148 | E72: 158 | F72: 159 | G72: 178 | H72: 276 | I72: 1303
A73: Blackstone Ave & 53rd St | B73: 83 | C73: 60 | D73: 82 | E73: 74 | F73: 61 | G73: 87 | H73: 95 | I73: 542
A74: Blackstone Ave & 59th St | B74: 149 | C74: 125 | D74: 154 | E74: 150 | F74: 142 | G74: 223 | H74: 182 | I74: 1125
A75: Blackstone Ave & Hyde Park Blvd | B75: 53 | C75: 45 | D75: 34 | E75: 35 | F75: 34 | G75: 62 | H75: 64 | I75: 327
A76: Blue Island Ave & 18th St | B76: 65 | C76: 75 | D76: 67 | E76: 74 | F76: 62 | G76: 91 | H76: 84 | I76: 518
A77: Bosworth Ave & Howard St | B77: 23 | C77: 10 | D77: 16 | E77: 15 | F77: 6 | G77: 17 | H77: 17 | I77: 104
A78: Broadway & Argyle St | B78: 121 | C78: 107 | D78: 66 | E78: 65 | F78: 57 | G78: 113 | H78: 114 | I78: 643
A79: Broadway & Barry Ave | B79: 274 | C79: 191 | D79: 177 | E79: 160 | F79: 162 | G79: 224 | H79: 277 | I79: 1465
... A93: Budlong Woods Library | B93: 15 | C93: 5 | D93: 8 | E93: 3 | F93: 9 | G93: 14 | H93: 10 | I93: 64
A94: Burley Ave & 85th St | B94: 1 | F94: 2 | G94: 1 | I94: 4
A95: Burley Ave & 91st St | C95: 1 | F95: 1 | H95: 2 | I95: 4
A96: Burling St & Diversey Pkwy | B96: 158 | C96: 140 | D96: 107 | E96: 92 | F96: 88 | G96: 109 | H96: 196 | I96: 890
A97: Burnham Greenway & 105th St | B97: 2 | C97: 2 | E97: 1 | F97: 3 | G97: 2 | H97: 1 | I97: 11
A98: Burnham Greenway & 112th St | B98: 4 | C98: 7 | E98: 2 | F98: 6 | G98: 3 | H98: 2 | I98: 24
A99: Burnham Harbor | B99: 248 | C99: 136 | D99: 76 | E99: 77 | F99: 63 | G99: 130 | H99: 313 | I99: 1043
A100: California Ave & 16th St | B100: 12 | C100: 3 | D100: 6 | E100: 7 | F100: 6 | G100: 11 | H100: 10 | I100: 55
A101: California Ave & 21st St | B101: 11 | C101: 9 | D101: 7 | E101: 8 | F101: 16 | G101: 21 | H101: 25 | I101: 97
A102: California Ave & 23rd Pl | B102: 1 | C102: 3 | D102: 5 | E102: 2 | F102: 6 | G102: 9 | H102: 3 | I102: 29
A103: California Ave & 26th St | B103: 3 | C103: 9 | D103: 2 | E103: 4 | F103: 2 | G103: 2 | H103: 2 | I103: 24
A104: California Ave & 29th St | D104: 1 | I104: 1
A105: California Ave & 36th St | B105: 1 | C105: 1 | D105: 2 | E105: 2 | F105: 2 | G105: 3 | H105: 3 | I105: 14
A106: California Ave & 41st St | B106: 3 | C106: 2 | D106: 5 | E106: 2 | G106: 2 | H106: 6 | I106: 20
A107: California Ave & 71st St | B107: 1 | C107: 2 | D107: 1 | E107: 1 | F107: 2 | G107: 1 | H107: 2 | I107: 10
A108: California Ave & Altgeld St | B108: 48 | C108: 39 | D108: 41 | E108: 38 | F108: 33 | G108: 52 | H108: 53 | I108: 304
A109: California Ave & Byron St | B109: 42 | C109: 21 | D109: 26 | E109: 26 | F109: 28 | G109: 32 | H109: 45 | I109: 220
A110: California Ave & Cortez St | B110: 76 | C110: 37 | D110: 49 | E110: 63 | F110: 60 | G110: 91 | H110: 96 | I110: 472
A111: California Ave & Division St | B111: 57 | C111: 57 | D111: 56 | E111: 39 | F111: 36 | G111: 69 | H111: 67 | I111: 381
A112: California Ave & Fletcher St | B112: 65 | C112: 38 | D112: 31 | E112: 35 | F112: 41 | G112: 37 | H112: 69 | I112: 316
A113: California Ave & Francis Pl | B113: 72 | C113: 40 | D113: 43 | E113: 39 | F113: 56 | G113: 64 | H113: 95 | I113: 409
...

Sheet Apr-26
A1: Count of start_station_name | B1: Column Labels | C1: Column1 | D1: Column2 | E1: Column3 | F1: Column4 | G1: Column5 | H1: Column6 | I1: Column7
A2: Row Labels | B2: Sunday | C2: Monday | D2: Tuesday | E2: Wednesday | F2: Thursday | G2: Friday | H2: Saturday | I2: Grand Total
A3: 2112 W Peterson Ave | B3: 4 | C3: 3 | D3: 9 | E3: 3 | F3: 11 | G3: 7 | H3: 6 | I3: 43
A4: 21st St & Pulaski Rd | C4: 1 | F4: 2 | G4: 2 | H4: 1 | I4: 6
A5: 63rd St Beach | B5: 24 | C5: 9 | D5: 14 | E5: 8 | F5: 23 | G5: 23 | H5: 22 | I5: 123
A6: 900 W Harrison St | B6: 37 | C6: 99 | D6: 147 | E6: 163 | F6: 152 | G6: 124 | H6: 60 | I6: 782
A7: Aberdeen St & 103rd St | F7: 2 | G7: 1 | I7: 3
A8: Aberdeen St & 106th St | F8: 1 | I8: 1
A9: Aberdeen St & Carroll Ave | B9: 41 | C9: 77 | D9: 113 | E9: 113 | F9: 117 | G9: 74 | H9: 48 | I9: 583
A10: Aberdeen St & Jackson Blvd | B10: 98 | C10: 127 | D10: 155 | E10: 159 | F10: 183 | G10: 149 | H10: 100 | I10: 971
A11: Aberdeen St & Monroe St | B11: 41 | C11: 64 | D11: 107 | E11: 100 | F11: 117 | G11: 79 | H11: 57 | I11: 565
A12: Aberdeen St & Randolph St | B12: 64 | C12: 88 | D12: 109 | E12: 123 | F12: 143 | G12: 95 | H12: 82 | I12: 704
A13: Ada St & 113th Place | C13: 1 | I13: 1
A14: Ada St & Washington Blvd | B14: 32 | C14: 56 | D14: 84 | E14: 116 | F14: 88 | G14: 60 | H14: 50 | I14: 486
A15: Addison/Racine Corral | B15: 15 | C15: 4 | D15: 17 | E15: 19 | F15: 19 | G15: 18 | H15: 14 | I15: 106
A16: Addison/Sheffield SE Corral | B16: 6 | C16: 1 | D16: 5 | E16: 8 | F16: 6 | G16: 9 | H16: 7 | I16: 42
A17: Addison/Sheffield SW Corral | B17: 13 | C17: 14 | D17: 18 | E17: 14 | F17: 12 | G17: 32 | H17: 22 | I17: 125
A18: Addison/Wilton Corral | B18: 9 | C18: 4 | D18: 6 | E18: 9 | F18: 1 | G18: 13 | H18: 6 | I18: 48
A19: Adler Planetarium | B19: 167 | C19: 55 | D19: 99 | E19: 115 | F19: 114 | G19: 103 | H19: 89 | I19: 742
A20: Albany Ave & 16th St | B20: 3 | C20: 3 | D20: 2 | E20: 3 | F20: 2 | G20: 1 | I20: 14
A21: Albany Ave & 26th St | B21: 3 | D21: 1 | E21: 2 | F21: 2 | G21: 3 | H21: 4 | I21: 15
A22: Albany Ave & Belmont Ave | B22: 6 | C22: 5 | D22: 4 | E22: 6 | F22: 10 | G22: 5 | H22: 2 | I22: 38
A23: Albany Ave & Bloomingdale Ave | B23: 35 | C23: 33 | D23: 40 | E23: 36 | F23: 47 | G23: 48 | H23: 26 | I23: 265
A24: Albany Ave & Douglas Blvd | B24: 2 | D24: 2 | F24: 2 | G24: 4 | H24: 2 | I24: 12
A25: Albany Ave & Montrose Ave | B25: 30 | C25: 18 | D25: 25 | E25: 33 | F25: 22 | G25: 17 | H25: 33 | I25: 178
A26: Archer (Damen) Ave & 37th St | B26: 3 | C26: 1 | E26: 7 | F26: 6 | G26: 9 | H26: 6 | I26: 32
A27: Archer Ave & 43rd St | B27: 1 | D27: 3 | F27: 4 | H27: 1 | I27: 9
A28: Archer Ave & 49th St | D28: 2 | E28: 3 | G28: 5 | I28: 10
A29: Archer Ave & Homan Ave | E29: 2 | F29: 1 | I29: 3
A30: Archer Ave & Wentworth Ave | B30: 27 | C30: 22 | D30: 21 | E30: 25 | F30: 26 | G30: 30 | H30: 28 | I30: 179
A31: Artesian Ave & 55th St | C31: 3 | D31: 3 | E31: 5 | F31: 5 | G31: 2 | H31: 1 | I31: 19
A32: Artesian Ave & 71st St | C32: 1 | E32: 1 | G32: 1 | H32: 1 | I32: 4
A33: Artesian Ave & Hubbard St | B33: 16 | C33: 56 | D33: 76 | E33: 94 | F33: 85 | G33: 45 | H33: 17 | I33: 389
A34: Artesian Ave & Marquette Rd | B34: 2 | C34: 1 | D34: 4 | E34: 1 | I34: 8
A35: Ashland Ave & 13th St | B35: 16 | C35: 33 | D35: 31 | E35: 40 | F35: 37 | G35: 39 | H35: 42 | I35: 238
A36: Ashland Ave & 50th St | B36: 2 | C36: 2 | D36: 3 | E36: 3 | F36: 3 | G36: 2 | I36: 15
A37: Ashland Ave & 66th St | D37: 1 | E37: 1 | I37: 2
A38: Ashland Ave & 74th St | E38: 1 | F38: 4 | G38: 1 | I38: 6
A39: Ashland Ave & 78th St | E39: 3 | I39: 3
A40: Ashland Ave & Augusta Blvd | B40: 47 | C40: 61 | D40: 88 | E40: 90 | F40: 96 | G40: 61 | H40: 46 | I40: 489
A41: Ashland Ave & Belle Plaine Ave | B41: 33 | C41: 19 | D41: 28 | E41: 38 | F41: 43 | G41: 23 | H41: 29 | I41: 213
A42: Ashland Ave & Blackhawk St | B42: 61 | C42: 65 | D42: 63 | E42: 66 | F42: 90 | G42: 67 | H42: 70 | I42: 482
A43: Ashland Ave & Chicago Ave | B43: 50 | C43: 68 | D43: 73 | E43: 80 | F43: 90 | G43: 91 | H43: 68 | I43: 520
A44: Ashland Ave & Garfield Blvd | C44: 1 | D44: 1 | F44: 2 | H44: 1 | I44: 5
A45: Ashland Ave & Grace St | B45: 41 | C45: 32 | D45: 40 | E45: 42 | F45: 40 | G45: 50 | H45: 65 | I45: 310
A46: Ashland Ave & Grand Ave | B46: 30 | C46: 39 | D46: 43 | E46: 70 | F46: 63 | G46: 50 | H46: 36 | I46: 331
A47: Ashland Ave & Lake St | B47: 31 | C47: 51 | D47: 64 | E47: 78 | F47: 74 | G47: 40 | H47: 22 | I47: 360
A48: Ashland Ave & McDowell Ave | C48: 1 | D48: 3 | G48: 1 | H48: 4 | I48: 9
A49: Ashland Ave & Pershing Rd | B49: 5 | C49: 2 | D49: 4 | E49: 9 | F49: 3 | G49: 8 | H49: 4 | I49: 35
A50: Ashland Ave & Wellington Ave | B50: 45 | C50: 51 | D50: 42 | E50: 46 | F50: 58 | G50: 57 | H50: 38 | I50: 337
A51: Ashland Ave & Wrightwood Ave | B51: 35 | C51: 42 | D51: 58 | E51: 88 | F51: 63 | G51: 44 | H51: 41 | I51: 371
A52: Austin Ave & Milwaukee Ave | B52: 2 | C52: 1 | E52: 2 | F52: 1 | I52: 6
A53: Austin Blvd & Chicago Ave | B53: 1 | C53: 2 | G53: 1 | H53: 2 | I53: 6
A54: Austin Blvd & Lake St | B54: 6 | C54: 4 | D54: 2 | E54: 5 | F54: 3 | G54: 2 | H54: 3 | I54: 25
A55: Austin Blvd & Madison St | B55: 3 | C55: 2 | D55: 5 | E55: 5 | F55: 1 | I55: 16
A56: Ave L & 114th | B56: 2 | D56: 1 | F56: 1 | G56: 2 | I56: 6
A57: Avenue O & 118th St | F57: 1 | G57: 1 | I57: 2
A58: Avenue O & 134th St | E58: 1 | I58: 1
A59: Avers Ave & 103rd St | C59: 1 | D59: 3 | F59: 3 | H59: 1 | I59: 8
A60: Avers Ave & 16th St | D60: 3 | E60: 1 | I60: 4
A61: Avers Ave & Belmont Ave | B61: 26 | C61: 26 | D61: 32 | E61: 33 | F61: 34 | G61: 23 | H61: 35 | I61: 209
A62: Avers Ave & Foster Ave | B62: 2 | C62: 2 | D62: 1 | F62: 1 | G62: 3 | I62: 9
A63: Avondale Ave & Irving Park Rd | B63: 13 | C63: 24 | D63: 20 | E63: 30 | F63: 16 | G63: 17 | H63: 16 | I63: 136
A64: Baltimore Ave & 133rd St | F64: 4 | H64: 1 | I64: 5
A65: Baltimore Ave & 87th St | B65: 2 | C65: 1 | D65: 1 | E65: 3 | F65: 2 | G65: 1 | H65: 1 | I65: 11
A66: Bennett Ave & 79th St | B66: 1 | E66: 1 | I66: 2
A67: Benson Ave & Church St | B67: 55 | C67: 46 | D67: 62 | E67: 82 | F67: 69 | G67: 56 | H67: 27 | I67: 397
A68: Bernard St & Elston Ave | B68: 8 | C68: 3 | D68: 8 | E68: 10 | F68: 14 | G68: 10 | H68: 12 | I68: 65
A69: Bernard St & Peterson Ave | B69: 3 | C69: 2 | D69: 6 | E69: 6 | F69: 7 | G69: 6 | H69: 3 | I69: 33
A70: Big Marsh Park | B70: 17 | C70: 6 | D70: 7 | F70: 2 | G70: 1 | H70: 22 | I70: 55
A71: Bissell St & Armitage Ave | B71: 103 | C71: 85 | D71: 121 | E71: 129 | F71: 115 | G71: 111 | H71: 89 | I71: 753
A72: Blackstone Ave & 53rd St | B72: 35 | C72: 36 | D72: 47 | E72: 78 | F72: 52 | G72: 52 | H72: 37 | I72: 337
A73: Blackstone Ave & 59th St | B73: 115 | C73: 121 | D73: 166 | E73: 174 | F73: 175 | G73: 151 | H73: 95 | I73: 997
A74: Blackstone Ave & Hyde Park Blvd | B74: 37 | C74: 29 | D74: 35 | E74: 32 | F74: 42 | G74: 45 | H74: 32 | I74: 252
A75: Blue Island Ave & 18th St | B75: 48 | C75: 39 | D75: 48 | E75: 65 | F75: 60 | G75: 59 | H75: 46 | I75: 365
A76: Bosworth Ave & Howard St | B76: 5 | C76: 1 | D76: 8 | E76: 8 | F76: 12 | G76: 8 | H76: 10 | I76: 52
A77: Broadway & Argyle St | B77: 46 | C77: 43 | D77: 57 | E77: 59 | F77: 56 | G77: 66 | H77: 59 | I77: 386
A78: Broadway & Barry Ave | B78: 112 | C78: 94 | D78: 140 | E78: 132 | F78: 155 | G78: 130 | H78: 129 | I78: 892
A79: Broadway & Belmont Ave | B79: 103 | C79: 80 | D79: 87 | E79: 111 | F79: 135 | G79: 105 | H79: 104 | I79: 725
A80: Broadway & Berwyn Ave | B80: 46 | C80: 56 | D80: 59 | E80: 87 | F80: 79 | G80: 47 | H80: 71 | I80: 445
A81: Broadway & Cornelia Ave | B81: 175 | C81: 111 | D81: 145 | E81: 163 | F81: 162 | G81: 147 | H81: 138 | I81: 1041
A82: Broadway & Cuyler Ave | B82: 25 | C82: 25 | D82: 25 | E82: 32 | F82: 23 | G82: 24 | H82: 31 | I82: 185
... A92: Budlong Woods Library | B92: 6 | C92: 5 | D92: 7 | E92: 8 | F92: 11 | G92: 8 | H92: 6 | I92: 51
A93: Burley Ave & 85th St | E93: 2 | G93: 1 | I93: 3
A94: Burley Ave & 91st St | E94: 1 | I94: 1
A95: Burling St & Diversey Pkwy | B95: 109 | C95: 95 | D95: 73 | E95: 89 | F95: 114 | G95: 91 | H95: 93 | I95: 664
A96: Burnham Greenway & 105th St | B96: 1 | F96: 1 | H96: 1 | I96: 3
A97: Burnham Greenway & 112th St | B97: 1 | D97: 1 | G97: 3 | I97: 5
A98: Burnham Harbor | B98: 128 | C98: 44 | D98: 74 | E98: 62 | F98: 93 | G98: 77 | H98: 80 | I98: 558
A99: California Ave & 16th St | B99: 3 | C99: 4 | D99: 4 | E99: 7 | F99: 8 | G99: 4 | I99: 30
A100: California Ave & 21st St | B100: 3 | C100: 5 | D100: 8 | E100: 5 | F100: 8 | G100: 9 | H100: 5 | I100: 43
A101: California Ave & 23rd Pl | B101: 1 | D101: 6 | E101: 3 | F101: 5 | G101: 4 | H101: 2 | I101: 21
A102: California Ave & 26th St | C102: 1 | D102: 4 | E102: 2 | F102: 4 | G102: 3 | H102: 1 | I102: 15
A103: California Ave & 36th St | B103: 1 | C103: 1 | E103: 2 | F103: 2 | H103: 2 | I103: 8
A104: California Ave & 41st St | B104: 1 | C104: 1 | D104: 6 | G104: 2 | H104: 1 | I104: 11
A105: California Ave & 71st St | B105: 1 | C105: 1 | D105: 1 | E105: 3 | F105: 2 | I105: 8
A106: California Ave & Altgeld St | B106: 14 | C106: 15 | D106: 30 | E106: 23 | F106: 30 | G106: 24 | H106: 21 | I106: 157
A107: California Ave & Byron St | B107: 26 | C107: 15 | D107: 23 | E107: 15 | F107: 30 | G107: 25 | H107: 31 | I107: 165
A108: California Ave & Cortez St | B108: 46 | C108: 27 | D108: 42 | E108: 50 | F108: 51 | G108: 60 | H108: 44 | I108: 320
A109: California Ave & Division St | B109: 30 | C109: 33 | D109: 34 | E109: 42 | F109: 47 | G109: 44 | H109: 30 | I109: 260
...

Sheet Mar-26
A1: Count of start_station_name | B1: Column Labels | C1: Column1 | D1: Column2 | E1: Column3 | F1: Column4 | G1: Column5 | H1: Column6 | I1: Column7
A2: Row Labels | B2: Sunday | C2: Monday | D2: Tuesday | E2: Wednesday | F2: Thursday | G2: Friday | H2: Saturday | I2: Grand Total
A3: Wilton Ave & Diversey Pkwy | B3: 8 | C3: 21 | D3: 33 | E3: 31 | F3: 27 | G3: 16 | H3: 16 | I3: 152
A4: 2112 W Peterson Ave | B4: 3 | C4: 3 | D4: 1 | E4: 4 | F4: 4 | G4: 6 | H4: 6 | I4: 27
A5: 21st St & Pulaski Rd | C5: 1 | D5: 1 | F5: 1 | G5: 1 | I5: 4
A6: 63rd St Beach | B6: 9 | C6: 13 | D6: 2 | E6: 6 | F6: 2 | G6: 6 | H6: 9 | I6: 47
A7: 900 W Harrison St | B7: 48 | C7: 97 | D7: 71 | E7: 76 | F7: 98 | G7: 59 | H7: 70 | I7: 519
A8: Aberdeen St & 103rd St | H8: 2 | I8: 2
A9: Aberdeen St & Carroll Ave | B9: 38 | C9: 90 | D9: 95 | E9: 62 | F9: 65 | G9: 56 | H9: 46 | I9: 452
A10: Aberdeen St & Jackson Blvd | B10: 106 | C10: 119 | D10: 135 | E10: 85 | F10: 109 | G10: 91 | H10: 87 | I10: 732
A11: Aberdeen St & Monroe St | B11: 49 | C11: 71 | D11: 86 | E11: 56 | F11: 60 | G11: 62 | H11: 55 | I11: 439
A12: Aberdeen St & Randolph St | B12: 59 | C12: 100 | D12: 117 | E12: 75 | F12: 94 | G12: 65 | H12: 60 | I12: 570
A13: Ada St & 113th Place | H13: 1 | I13: 1
A14: Ada St & Washington Blvd | B14: 43 | C14: 67 | D14: 62 | E14: 49 | F14: 58 | G14: 52 | H14: 34 | I14: 365
A15: Addison/Racine Corral | B15: 12 | C15: 13 | D15: 2 | E15: 5 | F15: 7 | G15: 5 | H15: 23 | I15: 67
A16: Addison/Sheffield SE Corral | B16: 10 | C16: 13 | F16: 1 | G16: 2 | H16: 8 | I16: 34
A17: Addison/Sheffield SW Corral | B17: 11 | C17: 29 | F17: 5 | G17: 2 | H17: 26 | I17: 73
A18: Addison/Wilton Corral | B18: 7 | C18: 10 | D18: 1 | G18: 2 | H18: 4 | I18: 24
A19: Adler Planetarium | B19: 124 | C19: 120 | D19: 37 | E19: 55 | F19: 36 | G19: 45 | H19: 181 | I19: 598
A20: Albany Ave & 16th St | C20: 1 | D20: 1 | F20: 1 | H20: 2 | I20: 5
A21: Albany Ave & 26th St | B21: 2 | C21: 4 | D21: 1 | F21: 1 | I21: 8
A22: Albany Ave & Belmont Ave | B22: 2 | C22: 5 | D22: 10 | E22: 5 | F22: 5 | G22: 2 | H22: 7 | I22: 36
A23: Albany Ave & Bloomingdale Ave | B23: 22 | C23: 35 | D23: 23 | E23: 20 | F23: 24 | G23: 17 | H23: 30 | I23: 171
A24: Albany Ave & Douglas Blvd | C24: 1 | F24: 1 | G24: 1 | H24: 1 | I24: 4
A25: Albany Ave & Montrose Ave | B25: 19 | C25: 18 | D25: 20 | E25: 12 | F25: 8 | G25: 15 | H25: 17 | I25: 109
A26: Archer (Damen) Ave & 37th St | B26: 3 | C26: 1 | D26: 1 | E26: 2 | F26: 6 | G26: 2 | H26: 1 | I26: 16
A27: Archer Ave & 43rd St | E27: 1 | G27: 3 | H27: 1 | I27: 5
A28: Archer Ave & 49th St | C28: 1 | D28: 4 | E28: 2 | F28: 1 | G28: 1 | H28: 1 | I28: 10
A29: Archer Ave & Homan Ave | B29: 2 | C29: 3 | E29: 1 | G29: 1 | I29: 7
A30: Archer Ave & Wentworth Ave | B30: 26 | C30: 26 | D30: 12 | E30: 19 | F30: 20 | G30: 13 | H30: 25 | I30: 141
A31: Artesian Ave & 55th St | B31: 1 | C31: 1 | E31: 1 | G31: 1 | I31: 4
A32: Artesian Ave & 71st St | B32: 2 | C32: 3 | E32: 1 | F32: 2 | G32: 1 | H32: 1 | I32: 10
A33: Artesian Ave & Hubbard St | B33: 22 | C33: 55 | D33: 67 | E33: 59 | F33: 55 | G33: 30 | H33: 15 | I33: 303
A34: Artesian Ave & Marquette Rd | C34: 2 | D34: 1 | I34: 3
A35: Ashland Ave & 13th St | B35: 35 | C35: 40 | D35: 25 | E35: 18 | F35: 17 | G35: 24 | H35: 19 | I35: 178
A36: Ashland Ave & 50th St | B36: 2 | C36: 2 | D36: 3 | E36: 2 | I36: 9
A37: Ashland Ave & 63rd St | C37: 3 | F37: 1 | G37: 2 | I37: 6
A38: Ashland Ave & 74th St | B38: 1 | D38: 2 | I38: 3
A39: Ashland Ave & 78th St | C39: 1 | I39: 1
A40: Ashland Ave & Archer Ave | B40: 7 | C40: 5 | D40: 3 | E40: 3 | F40: 9 | G40: 7 | H40: 3 | I40: 37
A41: Ashland Ave & Augusta Blvd | B41: 41 | C41: 57 | D41: 60 | E41: 50 | F41: 52 | G41: 40 | H41: 52 | I41: 352
A42: Ashland Ave & Belle Plaine Ave | B42: 25 | C42: 20 | D42: 20 | E42: 9 | F42: 23 | G42: 25 | H42: 20 | I42: 142
A43: Ashland Ave & Blackhawk St | B43: 43 | C43: 65 | D43: 46 | E43: 46 | F43: 42 | G43: 41 | H43: 65 | I43: 348
A44: Ashland Ave & Chicago Ave | B44: 29 | C44: 60 | D44: 63 | E44: 50 | F44: 40 | G44: 59 | H44: 52 | I44: 353
A45: Ashland Ave & Garfield Blvd | B45: 1 | E45: 1 | H45: 1 | I45: 3
A46: Ashland Ave & Grace St | B46: 41 | C46: 45 | D46: 33 | E46: 30 | F46: 24 | G46: 36 | H46: 51 | I46: 260
A47: Ashland Ave & Grand Ave | B47: 30 | C47: 39 | D47: 38 | E47: 33 | F47: 40 | G47: 38 | H47: 34 | I47: 252
A48: Ashland Ave & Lake St | B48: 31 | C48: 55 | D48: 44 | E48: 40 | F48: 34 | G48: 35 | H48: 34 | I48: 273
A49: Ashland Ave & McDowell Ave | B49: 4 | D49: 1 | F49: 1 | G49: 1 | H49: 4 | I49: 11
A50: Ashland Ave & Pershing Rd | B50: 2 | C50: 7 | D50: 7 | E50: 5 | F50: 3 | G50: 10 | H50: 5 | I50: 39
A51: Ashland Ave & Wellington Ave | B51: 50 | C51: 39 | D51: 37 | E51: 25 | F51: 30 | G51: 35 | H51: 71 | I51: 287
A52: Ashland Ave & Wrightwood Ave | B52: 32 | C52: 44 | D52: 40 | E52: 30 | F52: 41 | G52: 46 | H52: 50 | I52: 283
A53: Augusta Blvd & Laramie Ave | E53: 1 | H53: 5 | I53: 6
A54: Austin Ave & Milwaukee Ave | B54: 3 | C54: 3 | H54: 3 | I54: 9
A55: Austin Blvd & Chicago Ave | C55: 3 | E55: 2 | F55: 2 | I55: 7
A56: Austin Blvd & Lake St | B56: 2 | C56: 2 | D56: 2 | E56: 3 | F56: 1 | G56: 3 | H56: 4 | I56: 17
A57: Austin Blvd & Madison St | B57: 1 | C57: 1 | D57: 3 | E57: 1 | F57: 4 | G57: 1 | I57: 11
A58: Ave L & 114th | H58: 1 | I58: 1
A59: Avenue O & 118th St | B59: 1 | I59: 1
A60: Avenue O & 134th St | B60: 2 | C60: 1 | H60: 1 | I60: 4
A61: Avers Ave & 16th St | B61: 1 | I61: 1
A62: Avers Ave & Belmont Ave | B62: 28 | C62: 23 | D62: 20 | E62: 18 | F62: 20 | G62: 20 | H62: 28 | I62: 157
A63: Avers Ave & Foster Ave | B63: 3 | C63: 1 | E63: 1 | F63: 3 | H63: 5 | I63: 13
A64: Avondale Ave & Irving Park Rd | B64: 11 | C64: 18 | D64: 30 | E64: 18 | F64: 21 | G64: 15 | H64: 14 | I64: 127
A65: Baltimore Ave & 133rd St | C65: 2 | E65: 1 | G65: 2 | I65: 5
A66: Baltimore Ave & 87th St | C66: 2 | D66: 1 | F66: 1 | G66: 2 | H66: 2 | I66: 8
A67: Bennett Ave & 79th St | B67: 1 | H67: 1 | I67: 2
A68: Benson Ave & Church St | B68: 25 | C68: 54 | D68: 42 | E68: 39 | F68: 28 | G68: 25 | H68: 36 | I68: 249
A69: Bernard St & Elston Ave | B69: 6 | C69: 4 | D69: 7 | E69: 4 | F69: 4 | G69: 3 | H69: 3 | I69: 31
A70: Bernard St & Peterson Ave | B70: 4 | C70: 10 | D70: 6 | E70: 2 | F70: 7 | G70: 4 | H70: 2 | I70: 35
A71: Big Marsh Park | B71: 16 | C71: 11 | D71: 4 | F71: 3 | H71: 6 | I71: 40
A72: Bissell St & Armitage Ave | B72: 48 | C72: 52 | D72: 30 | E72: 46 | F72: 55 | G72: 63 | H72: 84 | I72: 378
A73: Bissell St & Armitage Ave* | B73: 29 | C73: 32 | D73: 11 | E73: 10 | F73: 4 | G73: 5 | H73: 9 | I73: 100
A74: Blackstone Ave & 53rd St | B74: 28 | C74: 46 | D74: 35 | E74: 25 | F74: 37 | G74: 33 | H74: 23 | I74: 227
A75: Blackstone Ave & 59th St | B75: 84 | C75: 108 | D75: 107 | E75: 89 | F75: 72 | G75: 79 | H75: 65 | I75: 604
A76: Blackstone Ave & Hyde Park Blvd | B76: 34 | C76: 31 | D76: 24 | E76: 18 | F76: 19 | G76: 16 | H76: 17 | I76: 159
A77: Blue Island Ave & 18th St | B77: 38 | C77: 44 | D77: 28 | E77: 26 | F77: 25 | G77: 29 | H77: 47 | I77: 237
A78: Bosworth Ave & Howard St | B78: 3 | C78: 7 | D78: 5 | E78: 10 | F78: 3 | G78: 1 | H78: 8 | I78: 37
A79: Broadway & Argyle St | B79: 60 | C79: 67 | D79: 46 | E79: 31 | F79: 41 | G79: 39 | H79: 67 | I79: 351
A80: Broadway & Barry Ave | B80: 131 | C80: 126 | D80: 66 | E80: 75 | F80: 65 | G80: 91 | H80: 163 | I80: 717
A81: Broadway & Belmont Ave | B81: 85 | C81: 75 | D81: 66 | E81: 58 | F81: 62 | G81: 74 | H81: 92 | I81: 512
A82: Broadway & Berwyn Ave | B82: 53 | C82: 57 | D82: 37 | E82: 43 | F82: 47 | G82: 50 | H82: 54 | I82: 341
A83: Broadway & Cornelia Ave | B83: 131 | C83: 119 | D83: 92 | E83: 86 | F83: 88 | G83: 104 | H83: 130 | I83: 750
... A94: Budlong Woods Library | B94: 14 | C94: 8 | D94: 9 | E94: 10 | F94: 9 | G94: 5 | H94: 6 | I94: 61
A95: Burley Ave & 85th St | D95: 1 | E95: 1 | F95: 1 | H95: 2 | I95: 5
A96: Burley Ave & 91st St | B96: 2 | C96: 1 | D96: 2 | E96: 2 | F96: 4 | I96: 11
A97: Burling St & Diversey Pkwy | B97: 70 | C97: 82 | D97: 54 | E97: 44 | F97: 54 | G97: 54 | H97: 79 | I97: 437
A98: Burnham Greenway & 105th St | C98: 1 | D98: 1 | I98: 2
A99: Burnham Greenway & 112th St | B99: 1 | D99: 1 | H99: 2 | I99: 4
A100: Burnham Harbor | B100: 62 | C100: 76 | D100: 34 | E100: 42 | F100: 28 | G100: 17 | H100: 81 | I100: 340
A101: California & 16th St | B101: 2 | C101: 2 | D101: 1 | F101: 2 | I101: 7
A102: California Ave & 16th St | B102: 1 | C102: 1 | D102: 2 | G102: 1 | H102: 5 | I102: 10
A103: California Ave & 21st St | B103: 5 | C103: 4 | D103: 2 | E103: 7 | F103: 8 | G103: 6 | H103: 8 | I103: 40
A104: California Ave & 23rd Pl | B104: 2 | C104: 2 | D104: 2 | E104: 1 | F104: 2 | G104: 4 | H104: 1 | I104: 14
A105: California Ave & 26th St | C105: 2 | E105: 1 | G105: 1 | H105: 2 | I105: 6
A106: California Ave & 29th St | E106: 1 | I106: 1
A107: California Ave & 36th St | C107: 1 | D107: 2 | E107: 2 | F107: 5 | G107: 2 | I107: 12
A108: California Ave & 41st St | B108: 1 | C108: 6 | D108: 2 | E108: 1 | F108: 1 | G108: 2 | H108: 1 | I108: 14
A109: California Ave & 71st St | B109: 1 | D109: 2 | F109: 1 | I109: 4
A110: California Ave & Altgeld St | B110: 22 | C110: 18 | D110: 19 | E110: 18 | F110: 12 | G110: 18 | H110: 26 | I110: 133
...

Sheet Feb-26
A1: Count of start_station_name | B1: Column Labels | C1: Column1 | D1: Column2 | E1: Column3 | F1: Column4 | G1: Column5 | H1: Column6 | I1: Column7
A2: Row Labels | B2: Sunday | C2: Monday | D2: Tuesday | E2: Wednesday | F2: Thursday | G2: Friday | H2: Saturday | I2: Grand Total
A3: 2112 W Peterson Ave | C3: 4 | D3: 1 | F3: 4 | G3: 3 | I3: 12
A4: 21st St & Pulaski Rd | D4: 2 | H4: 2 | I4: 4
A5: 63rd St Beach | B5: 5 | C5: 5 | E5: 3 | G5: 2 | H5: 1 | I5: 16
A6: 900 W Harrison St | B6: 28 | C6: 69 | D6: 90 | E6: 82 | F6: 73 | G6: 82 | H6: 36 | I6: 460
A7: Aberdeen St & 103rd St | F7: 1 | I7: 1
A8: Aberdeen St & Carroll Ave | B8: 17 | C8: 40 | D8: 68 | E8: 54 | F8: 63 | G8: 57 | H8: 25 | I8: 324
A9: Aberdeen St & Jackson Blvd | B9: 47 | C9: 63 | D9: 75 | E9: 88 | F9: 89 | G9: 96 | H9: 63 | I9: 521
A10: Aberdeen St & Monroe St | B10: 26 | C10: 32 | D10: 55 | E10: 54 | F10: 60 | G10: 68 | H10: 28 | I10: 323
A11: Aberdeen St & Randolph St | B11: 27 | C11: 52 | D11: 69 | E11: 75 | F11: 64 | G11: 68 | H11: 32 | I11: 387
A12: Ada St & 113th Place | B12: 1 | I12: 1
A13: Ada St & Washington Blvd | B13: 11 | C13: 35 | D13: 41 | E13: 48 | F13: 55 | G13: 32 | H13: 21 | I13: 243
A14: Addison/Racine Corral | B14: 3 | C14: 1 | D14: 2 | E14: 6 | F14: 2 | G14: 6 | H14: 4 | I14: 24
A15: Addison/Sheffield SE Corral | C15: 1 | G15: 1 | I15: 2
A16: Addison/Sheffield SW Corral | C16: 2 | I16: 2
A17: Addison/Wilton Corral | F17: 1 | H17: 1 | I17: 2
A18: Adler Planetarium | B18: 37 | C18: 30 | D18: 13 | E18: 38 | F18: 14 | G18: 59 | H18: 34 | I18: 225
A19: Albany Ave & 16th St | C19: 1 | G19: 1 | H19: 1 | I19: 3
A20: Albany Ave & 26th St | B20: 1 | F20: 1 | G20: 2 | I20: 4
A21: Albany Ave & Belmont Ave | B21: 4 | C21: 6 | D21: 3 | E21: 6 | F21: 11 | G21: 9 | H21: 1 | I21: 40
A22: Albany Ave & Bloomingdale Ave | B22: 12 | C22: 17 | D22: 20 | E22: 16 | F22: 17 | G22: 19 | H22: 14 | I22: 115
A23: Albany Ave & Douglas Blvd | C23: 2 | G23: 1 | I23: 3
A24: Albany Ave & Montrose Ave | B24: 9 | C24: 12 | D24: 13 | E24: 18 | F24: 15 | G24: 7 | H24: 15 | I24: 89
A25: Altgeld Gardens | B25: 1 | I25: 1
A26: Archer (Damen) Ave & 37th St | B26: 7 | C26: 3 | D26: 3 | G26: 3 | H26: 5 | I26: 21
A27: Archer Ave & 43rd St | F27: 1 | H27: 1 | I27: 2
A28: Archer Ave & 49th St | D28: 1 | I28: 1
A29: Archer Ave & Homan Ave | B29: 1 | E29: 2 | F29: 2 | G29: 1 | I29: 6
A30: Archer Ave & Wentworth Ave | B30: 3 | C30: 14 | D30: 3 | E30: 14 | F30: 11 | G30: 16 | H30: 10 | I30: 71
A31: Artesian Ave & 55th St | C31: 2 | D31: 4 | E31: 3 | F31: 2 | G31: 1 | H31: 1 | I31: 13
A32: Artesian Ave & 71st St | B32: 1 | H32: 1 | I32: 2
A33: Artesian Ave & Hubbard St | B33: 6 | C33: 29 | D33: 36 | E33: 46 | F33: 41 | G33: 37 | H33: 16 | I33: 211
A34: Artesian Ave & Marquette Rd | B34: 1 | D34: 1 | E34: 4 | G34: 1 | I34: 7
A35: Ashland Ave & 13th St | B35: 12 | C35: 11 | D35: 20 | E35: 12 | F35: 24 | G35: 16 | H35: 17 | I35: 112
A36: Ashland Ave & 50th St | B36: 1 | C36: 2 | D36: 2 | E36: 4 | I36: 9
A37: Ashland Ave & 63rd St | C37: 1 | D37: 1 | E37: 1 | G37: 1 | I37: 4
A38: Ashland Ave & 78th St | D38: 1 | E38: 1 | F38: 1 | I38: 3
A39: Ashland Ave & Archer Ave | B39: 2 | C39: 6 | D39: 1 | E39: 1 | F39: 5 | G39: 10 | H39: 2 | I39: 27
A40: Ashland Ave & Augusta Blvd | B40: 22 | C40: 30 | D40: 46 | E40: 36 | F40: 47 | G40: 29 | H40: 14 | I40: 224
A41: Ashland Ave & Belle Plaine Ave | B41: 9 | C41: 10 | D41: 10 | E41: 17 | F41: 16 | G41: 10 | H41: 12 | I41: 84
A42: Ashland Ave & Blackhawk St | B42: 24 | C42: 23 | D42: 26 | E42: 34 | F42: 33 | G42: 29 | H42: 24 | I42: 193
A43: Ashland Ave & Chicago Ave | B43: 18 | C43: 38 | D43: 40 | E43: 51 | F43: 40 | G43: 20 | H43: 30 | I43: 237
A44: Ashland Ave & Garfield Blvd | F44: 1 | I44: 1
A45: Ashland Ave & Grace St | B45: 10 | C45: 19 | D45: 10 | E45: 12 | F45: 12 | G45: 21 | H45: 12 | I45: 96
A46: Ashland Ave & Grand Ave | B46: 9 | C46: 24 | D46: 27 | E46: 41 | F46: 20 | G46: 19 | H46: 11 | I46: 151
A47: Ashland Ave & Lake St | B47: 11 | C47: 15 | D47: 30 | E47: 28 | F47: 24 | G47: 18 | H47: 10 | I47: 136
A48: Ashland Ave & McDowell Ave | B48: 1 | E48: 1 | G48: 1 | H48: 1 | I48: 4
A49: Ashland Ave & Pershing Rd | B49: 4 | C49: 3 | D49: 1 | E49: 4 | F49: 5 | G49: 3 | H49: 3 | I49: 23
A50: Ashland Ave & Wellington Ave | B50: 32 | C50: 25 | D50: 26 | E50: 28 | F50: 30 | G50: 39 | H50: 24 | I50: 204
A51: Ashland Ave & Wrightwood Ave | B51: 13 | C51: 24 | D51: 27 | E51: 21 | F51: 38 | G51: 27 | H51: 22 | I51: 172
A52: Austin Ave & Milwaukee Ave | B52: 1 | C52: 2 | D52: 1 | E52: 2 | F52: 1 | I52: 7
A53: Austin Blvd & Chicago Ave | F53: 1 | I53: 1
A54: Austin Blvd & Lake St | B54: 1 | F54: 2 | G54: 1 | I54: 4
A55: Austin Blvd & Madison St | C55: 2 | F55: 1 | H55: 2 | I55: 5
A56: Ave L & 114th | B56: 1 | G56: 1 | I56: 2
A57: Avenue O & 118th St | H57: 1 | I57: 1
A58: Avenue O & 134th St | B58: 1 | I58: 1
A59: Avers Ave & 16th St | B59: 1 | I59: 1
A60: Avers Ave & Belmont Ave | B60: 8 | C60: 4 | D60: 11 | E60: 13 | F60: 12 | G60: 14 | H60: 11 | I60: 73
A61: Avers Ave & Foster Ave | C61: 2 | D61: 2 | E61: 1 | F61: 2 | G61: 1 | I61: 8
A62: Avondale Ave & Irving Park Rd | B62: 6 | C62: 17 | D62: 16 | E62: 21 | F62: 16 | G62: 9 | H62: 4 | I62: 89
A63: Baltimore Ave & 133rd St | B63: 1 | C63: 1 | I63: 2
A64: Baltimore Ave & 87th St | B64: 1 | E64: 1 | G64: 1 | I64: 3
A65: Bennett Ave & 79th St | F65: 1 | I65: 1
A66: Benson Ave & Church St | B66: 28 | C66: 26 | D66: 43 | E66: 21 | F66: 46 | G66: 37 | H66: 21 | I66: 222
A67: Bernard St & Elston Ave | B67: 1 | C67: 6 | D67: 2 | F67: 3 | G67: 6 | H67: 3 | I67: 21
A68: Bernard St & Peterson Ave | C68: 3 | D68: 4 | E68: 3 | F68: 5 | G68: 6 | I68: 21
A69: Big Marsh Park | B69: 6 | C69: 6 | D69: 2 | E69: 2 | F69: 2 | H69: 1 | I69: 19
A70: Bissell St & Armitage Ave* | B70: 37 | C70: 29 | D70: 41 | E70: 48 | F70: 37 | G70: 29 | H70: 48 | I70: 269
A71: Blackstone Ave & 53rd St | B71: 8 | C71: 24 | D71: 20 | E71: 22 | F71: 14 | G71: 40 | H71: 15 | I71: 143
A72: Blackstone Ave & 59th St | B72: 51 | C72: 75 | D72: 78 | E72: 89 | F72: 85 | G72: 111 | H72: 67 | I72: 556
A73: Blackstone Ave & Hyde Park Blvd | B73: 20 | C73: 15 | D73: 20 | E73: 15 | F73: 12 | G73: 22 | H73: 8 | I73: 112
A74: Blue Island Ave & 18th St | B74: 24 | C74: 27 | D74: 20 | E74: 25 | F74: 35 | G74: 35 | H74: 32 | I74: 198
A75: Bosworth Ave & Howard St | C75: 3 | D75: 9 | E75: 6 | F75: 2 | G75: 3 | H75: 7 | I75: 30
A76: Broadway & Argyle St | B76: 21 | C76: 26 | D76: 28 | E76: 32 | F76: 32 | G76: 28 | H76: 35 | I76: 202
A77: Broadway & Barry Ave | B77: 57 | C77: 58 | D77: 51 | E77: 46 | F77: 49 | G77: 69 | H77: 65 | I77: 395
A78: Broadway & Belmont Ave | B78: 42 | C78: 51 | D78: 55 | E78: 69 | F78: 40 | G78: 62 | H78: 52 | I78: 371
A79: Broadway & Berwyn Ave | B79: 16 | C79: 38 | D79: 39 | E79: 48 | F79: 32 | G79: 34 | H79: 38 | I79: 245
A80: Broadway & Cornelia Ave | B80: 51 | C80: 64 | D80: 48 | E80: 95 | F80: 53 | G80: 84 | H80: 67 | I80: 462
A81: Broadway & Cuyler Ave | B81: 11 | C81: 11 | D81: 16 | E81: 18 | F81: 9 | G81: 14 | H81: 12 | I81: 91
A82: Broadway & Granville Ave | B82: 20 | C82: 26 | D82: 20 | E82: 22 | F82: 31 | G82: 42 | H82: 28 | I82: 189
A83: Broadway & Oakdale Ave | B83: 37 | C83: 24 | D83: 21 | E83: 35 | F83: 25 | G83: 50 | H83: 28 | I83: 220
A84: Broadway & Ridge Ave | B84: 18 | C84: 25 | D84: 23 | E84: 30 | F84: 20 | G84: 27 | H84: 25 | I84: 168
A85: Broadway & Roscoe Ave | B85: 32 | C85: 24 | D85: 24 | E85: 33 | F85: 21 | G85: 25 | H85: 22 | I85: 181
A86: Broadway & Sheridan Rd | B86: 54 | C86: 60 | D86: 61 | E86: 83 | F86: 58 | G86: 64 | H86: 65 | I86: 445
A87: Broadway & Sunnyside Ave | B87: 23 | C87: 31 | D87: 31 | E87: 35 | F87: 31 | G87: 41 | H87: 30 | I87: 222
... A91: Budlong Woods Library | B91: 3 | C91: 5 | D91: 4 | E91: 1 | F91: 4 | G91: 6 | H91: 1 | I91: 24
A92: Burley Ave & 91st St | D92: 1 | H92: 1 | I92: 2
A93: Burling St & Diversey Pkwy | B93: 41 | C93: 37 | D93: 50 | E93: 47 | F93: 48 | G93: 50 | H93: 50 | I93: 323
A94: Burnham Greenway & 105th St | B94: 1 | E94: 1 | I94: 2
A95: Burnham Harbor | B95: 32 | C95: 29 | D95: 14 | E95: 16 | F95: 16 | G95: 33 | H95: 16 | I95: 156
A96: California & 16th St | B96: 2 | D96: 2 | E96: 3 | G96: 1 | H96: 1 | I96: 9
A97: California Ave & 21st St | C97: 2 | D97: 4 | E97: 1 | F97: 7 | G97: 5 | H97: 1 | I97: 20
A98: California Ave & 23rd Pl | D98: 1 | E98: 1 | F98: 2 | G98: 2 | H98: 4 | I98: 10
A99: California Ave & 26th St | C99: 1 | D99: 2 | E99: 2 | F99: 4 | I99: 9
A100: California Ave & 29th St | E100: 1 | I100: 1
A101: California Ave & 36th St | E101: 1 | G101: 1 | I101: 2
A102: California Ave & 41st St | C102: 1 | D102: 1 | E102: 3 | F102: 1 | G102: 2 | H102: 1 | I102: 9
A103: California Ave & 71st St | G103: 1 | I103: 1
...

Sheet Jan-26
A1: Count of start_station_name | B1: Column Labels | C1: Column1 | D1: Column2 | E1: Column3 | F1: Column4 | G1: Column5 | H1: Column6 | I1: Column7
A2: Row Labels | B2: Sunday | C2: Monday | D2: Tuesday | E2: Wednesday | F2: Thursday | G2: Friday | H2: Saturday | I2: Grand Total
A3: 2112 W Peterson Ave | B3: 4 | C3: 2 | D3: 3 | F3: 1 | G3: 1 | H3: 2 | I3: 13
A4: 21st St & Pulaski Rd | D4: 1 | H4: 1 | I4: 2
A5: 63rd St Beach | F5: 1 | I5: 1
A6: 900 W Harrison St | B6: 13 | C6: 24 | D6: 36 | E6: 44 | F6: 30 | G6: 25 | H6: 12 | I6: 184
A7: Aberdeen St & Carroll Ave | B7: 12 | C7: 38 | D7: 60 | E7: 35 | F7: 49 | G7: 31 | H7: 19 | I7: 244
A8: Aberdeen St & Jackson Blvd | B8: 40 | C8: 56 | D8: 77 | E8: 65 | F8: 50 | G8: 54 | H8: 43 | I8: 385
A9: Aberdeen St & Monroe St | B9: 25 | C9: 23 | D9: 66 | E9: 51 | F9: 47 | G9: 45 | H9: 20 | I9: 277
A10: Aberdeen St & Randolph St | B10: 13 | C10: 42 | D10: 60 | E10: 51 | F10: 54 | G10: 30 | H10: 30 | I10: 280
A11: Ada St & Washington Blvd | B11: 8 | C11: 25 | D11: 37 | E11: 35 | F11: 32 | G11: 27 | H11: 12 | I11: 176
A12: Addison/Racine Corral | B12: 3 | C12: 1 | D12: 1 | E12: 1 | F12: 1 | G12: 1 | H12: 1 | I12: 9
A13: Addison/Sheffield SE Corral | C13: 1 | H13: 1 | I13: 2
A14: Addison/Sheffield SW Corral | B14: 1 | I14: 1
A15: Addison/Wilton Corral | B15: 1 | D15: 2 | E15: 1 | G15: 1 | H15: 2 | I15: 7
A16: Adler Planetarium | B16: 11 | C16: 10 | D16: 18 | E16: 29 | F16: 21 | G16: 21 | H16: 19 | I16: 129
A17: Albany Ave & 16th St | B17: 2 | D17: 1 | I17: 3
A18: Albany Ave & 26th St | C18: 1 | E18: 1 | H18: 1 | I18: 3
A19: Albany Ave & Belmont Ave | C19: 3 | D19: 1 | E19: 1 | F19: 2 | G19: 3 | H19: 2 | I19: 12
A20: Albany Ave & Bloomingdale Ave | B20: 9 | C20: 6 | D20: 8 | E20: 11 | F20: 8 | G20: 6 | H20: 7 | I20: 55
A21: Albany Ave & Montrose Ave | B21: 13 | C21: 6 | D21: 15 | E21: 10 | F21: 6 | G21: 5 | H21: 13 | I21: 68
A22: Archer (Damen) Ave & 37th St | C22: 1 | D22: 1 | G22: 4 | H22: 2 | I22: 8
A23: Archer Ave & 43rd St | F23: 1 | I23: 1
A24: Archer Ave & Homan Ave | F24: 1 | I24: 1
A25: Archer Ave & Wentworth Ave | B25: 6 | C25: 3 | D25: 6 | E25: 3 | F25: 2 | G25: 5 | H25: 7 | I25: 32
A26: Artesian Ave & 55th St | C26: 2 | D26: 2 | E26: 4 | F26: 2 | G26: 2 | I26: 12
A27: Artesian Ave & 71st St | D27: 2 | F27: 1 | G27: 1 | I27: 4
A28: Artesian Ave & Hubbard St | B28: 3 | C28: 23 | D28: 42 | E28: 46 | F28: 30 | G28: 17 | H28: 3 | I28: 164
A29: Artesian Ave & Marquette Rd | C29: 1 | E29: 1 | I29: 2
A30: Ashland Ave & 13th St | B30: 19 | C30: 5 | D30: 15 | E30: 7 | F30: 14 | G30: 11 | H30: 16 | I30: 87
A31: Ashland Ave & 50th St | B31: 1 | C31: 2 | D31: 3 | E31: 1 | F31: 3 | G31: 1 | I31: 11
A32: Ashland Ave & 66th St | D32: 1 | I32: 1
A33: Ashland Ave & 78th St | C33: 1 | I33: 1
A34: Ashland Ave & Archer Ave | B34: 1 | D34: 2 | E34: 1 | F34: 5 | G34: 5 | H34: 2 | I34: 16
A35: Ashland Ave & Augusta Blvd | B35: 9 | C35: 21 | D35: 50 | E35: 26 | F35: 27 | G35: 29 | H35: 22 | I35: 184
A36: Ashland Ave & Belle Plaine Ave | B36: 9 | C36: 5 | D36: 9 | E36: 12 | F36: 5 | G36: 12 | H36: 8 | I36: 60
A37: Ashland Ave & Blackhawk St | B37: 14 | C37: 21 | D37: 25 | E37: 18 | F37: 26 | G37: 12 | H37: 18 | I37: 134
A38: Ashland Ave & Chicago Ave | B38: 9 | C38: 23 | D38: 25 | E38: 35 | F38: 28 | G38: 31 | H38: 24 | I38: 175
A39: Ashland Ave & Garfield Blvd | D39: 1 | E39: 1 | I39: 2
A40: Ashland Ave & Grace St | B40: 5 | C40: 7 | D40: 14 | E40: 7 | F40: 3 | G40: 9 | H40: 12 | I40: 57
A41: Ashland Ave & Grand Ave | B41: 8 | C41: 11 | D41: 13 | E41: 26 | F41: 13 | G41: 11 | H41: 7 | I41: 89
A42: Ashland Ave & Lake St | B42: 9 | C42: 15 | D42: 22 | E42: 16 | F42: 17 | G42: 14 | H42: 8 | I42: 101
A43: Ashland Ave & McDowell Ave | D43: 1 | G43: 3 | I43: 4
A44: Ashland Ave & Pershing Rd | B44: 1 | C44: 1 | D44: 7 | E44: 4 | F44: 2 | G44: 5 | H44: 4 | I44: 24
A45: Ashland Ave & Wellington Ave | B45: 8 | C45: 13 | D45: 25 | E45: 13 | F45: 20 | G45: 16 | H45: 13 | I45: 108
A46: Ashland Ave & Wrightwood Ave | B46: 9 | C46: 13 | D46: 23 | E46: 17 | F46: 18 | G46: 14 | H46: 9 | I46: 103
A47: Augusta Blvd & Laramie Ave | H47: 1 | I47: 1
A48: Austin Ave & Milwaukee Ave | H48: 1 | I48: 1
A49: Austin Blvd & Lake St | B49: 2 | H49: 2 | I49: 4
A50: Austin Blvd & Madison St | B50: 1 | F50: 2 | G50: 1 | H50: 2 | I50: 6
A51: Ave L & 114th | G51: 1 | I51: 1
A52: Avers Ave & Belmont Ave | B52: 1 | C52: 6 | D52: 7 | E52: 4 | F52: 6 | G52: 4 | H52: 4 | I52: 32
A53: Avers Ave & Foster Ave | D53: 2 | E53: 1 | F53: 2 | I53: 5
A54: Avondale Ave & Irving Park Rd | B54: 3 | C54: 8 | D54: 11 | E54: 11 | F54: 12 | G54: 9 | H54: 4 | I54: 58
A55: Baltimore Ave & 133rd St | D55: 1 | I55: 1
A56: Benson Ave & Church St | B56: 9 | C56: 27 | D56: 26 | E56: 29 | F56: 31 | G56: 25 | H56: 16 | I56: 163
A57: Bernard St & Elston Ave | B57: 1 | C57: 2 | D57: 2 | E57: 4 | F57: 8 | G57: 5 | H57: 6 | I57: 28
A58: Bernard St & Peterson Ave | C58: 2 | D58: 3 | E58: 3 | F58: 1 | G58: 1 | H58: 3 | I58: 13
A59: Big Marsh Park | B59: 1 | D59: 1 | E59: 2 | I59: 4
A60: Bissell St & Armitage Ave* | B60: 14 | C60: 14 | D60: 32 | E60: 24 | F60: 23 | G60: 27 | H60: 23 | I60: 157
A61: Blackstone Ave & 53rd St | B61: 6 | C61: 8 | D61: 11 | E61: 9 | F61: 10 | G61: 22 | H61: 7 | I61: 73
A62: Blackstone Ave & 59th St | B62: 33 | C62: 52 | D62: 76 | E62: 70 | F62: 76 | G62: 80 | H62: 42 | I62: 429
A63: Blackstone Ave & Hyde Park Blvd | B63: 8 | C63: 12 | D63: 15 | E63: 6 | F63: 11 | G63: 9 | H63: 17 | I63: 78
A64: Blue Island Ave & 18th St | B64: 16 | C64: 16 | D64: 13 | E64: 26 | F64: 17 | G64: 15 | H64: 30 | I64: 133
A65: Bosworth Ave & Howard St | B65: 1 | C65: 3 | D65: 4 | E65: 2 | F65: 3 | G65: 2 | H65: 1 | I65: 16
A66: Broadway & Argyle St | B66: 13 | C66: 7 | D66: 20 | E66: 31 | F66: 20 | G66: 18 | H66: 16 | I66: 125
A67: Broadway & Barry Ave | B67: 43 | C67: 52 | D67: 56 | E67: 43 | F67: 42 | G67: 44 | H67: 39 | I67: 319
A68: Broadway & Belmont Ave | B68: 19 | C68: 32 | D68: 36 | E68: 40 | F68: 27 | G68: 28 | H68: 27 | I68: 209
A69: Broadway & Berwyn Ave | B69: 8 | C69: 18 | D69: 25 | E69: 35 | F69: 20 | G69: 23 | H69: 20 | I69: 149
A70: Broadway & Cornelia Ave | B70: 43 | C70: 43 | D70: 50 | E70: 42 | F70: 56 | G70: 37 | H70: 52 | I70: 323
A71: Broadway & Cuyler Ave | B71: 8 | C71: 11 | D71: 12 | E71: 10 | F71: 9 | G71: 13 | H71: 18 | I71: 81
... A80: Broadway & Wilson Ave | B80: 11 | C80: 23 | D80: 20 | E80: 23 | F80: 19 | G80: 24 | H80: 14 | I80: 134
A81: Budlong Woods Library | B81: 2 | C81: 2 | D81: 3 | F81: 1 | H81: 3 | I81: 11
A82: Burling St & Diversey Pkwy | B82: 23 | C82: 23 | D82: 39 | E82: 39 | F82: 28 | G82: 25 | H82: 32 | I82: 209
A83: Burnham Harbor | B83: 31 | C83: 8 | D83: 15 | E83: 11 | F83: 13 | G83: 13 | H83: 16 | I83: 107
A84: California & 16th St | F84: 2 | G84: 1 | I84: 3
A85: California Ave & 21st St | B85: 2 | C85: 3 | D85: 2 | E85: 2 | F85: 1 | G85: 3 | I85: 13
A86: California Ave & 23rd Pl | C86: 1 | D86: 1 | E86: 1 | F86: 2 | I86: 5
A87: California Ave & 26th St | C87: 3 | D87: 1 | E87: 1 | F87: 2 | I87: 7
A88: California Ave & 29th St | F88: 1 | I88: 1
A89: California Ave & 36th St | F89: 1 | I89: 1
A90: California Ave & 41st St | B90: 1 | C90: 1 | D90: 2 | H90: 1 | I90: 5
A91: California Ave & 71st St | C91: 1 | F91: 1 | I91: 2
A92: California Ave & Altgeld St | B92: 8 | C92: 7 | D92: 17 | E92: 7 | F92: 5 | G92: 6 | H92: 9 | I92: 59
A93: California Ave & Byron St | B93: 9 | C93: 4 | D93: 3 | E93: 4 | F93: 6 | G93: 3 | H93: 8 | I93: 37
A94: California Ave & Cortez St | B94: 5 | C94: 4 | D94: 16 | E94: 16 | F94: 19 | G94: 10 | H94: 8 | I94: 78
A95: California Ave & Division St | B95: 3 | C95: 6 | D95: 14 | E95: 8 | F95: 7 | G95: 12 | H95: 11 | I95: 61
A96: California Ave & Fletcher St | B96: 2 | C96: 2 | D96: 8 | E96: 8 | F96: 4 | G96: 8 | H96: 2 | I96: 34
A97: California Ave & Francis Pl | B97: 8 | C97: 11 | D97: 21 | E97: 15 | F97: 16 | G97: 13 | H97: 14 | I97: 98
A98: California Ave & Granville Ave | B98: 2 | C98: 5 | D98: 11 | E98: 2 | F98: 5 | G98: 13 | H98: 7 | I98: 45
A99: California Ave & Lake St | C99: 3 | D99: 8 | E99: 3 | F99: 1 | G99: 3 | H99: 2 | I99: 20
A100: California Ave & Madison St | D100: 1 | G100: 1 | I100: 2
A101: California Ave & Milwaukee Ave | B101: 20 | C101: 36 | D101: 47 | E101: 33 | F101: 31 | G101: 40 | H101: 23 | I101: 230
A102: California Ave & Montrose Ave | B102: 1 | C102: 13 | D102: 3 | E102: 11 | F102: 9 | G102: 6 | H102: 5 | I102: 48
A103: California Ave & North Ave | B103: 11 | C103: 6 | D103: 9 | E103: 13 | F103: 15 | G103: 9 | H103: 12 | I103: 75
A104: California Ave & Touhy Ave | D104: 2 | E104: 1 | F104: 1 | G104: 3 | I104: 7
A105: California Ave & Winona St | B105: 2 | C105: 1 | D105: 2 | E105: 2 | F105: 2 | G105: 1 | I105: 10
A106: Calumet Ave & 18th St | B106: 30 | C106: 11 | D106: 26 | E106: 34 | F106: 25 | G106: 21 | H106: 24 | I106: 171
A107: Calumet Ave & 21st St | B107: 6 | C107: 8 | D107: 8 | E107: 10 | F107: 14 | G107: 7 | H107: 10 | I107: 63
A108: Calumet Ave & 33rd St | B108: 9 | C108: 10 | D108: 14 | E108: 10 | F108: 16 | G108: 12 | H108: 12 | I108: 83
...

Sheet Nov-25
A1: Count of start_station_name | B1: Column Labels | C1: Column1 | D1: Column2 | E1: Column3 | F1: Column4 | G1: Column5 | H1: Column6 | I1: Column7
A2: Row Labels | B2: Sunday | C2: Monday | D2: Tuesday | E2: Wednesday | F2: Thursday | G2: Friday | H2: Saturday | I2: Grand Total
A3: 2112 W Peterson Ave | B3: 8 | C3: 4 | D3: 5 | E3: 10 | F3: 4 | G3: 4 | H3: 9 | I3: 44
A4: 21st St & Pulaski Rd | D4: 2 | H4: 1 | I4: 3
A5: 63rd St Beach | B5: 6 | C5: 1 | D5: 1 | E5: 3 | F5: 2 | G5: 6 | H5: 5 | I5: 24
A6: 900 W Harrison St | B6: 53 | C6: 104 | D6: 110 | E6: 118 | F6: 109 | G6: 123 | H6: 58 | I6: 675
A7: Aberdeen St & Carroll Ave | B7: 34 | C7: 86 | D7: 74 | E7: 97 | F7: 69 | G7: 76 | H7: 54 | I7: 490
A8: Aberdeen St & Jackson Blvd | B8: 90 | C8: 99 | D8: 135 | E8: 140 | F8: 121 | G8: 130 | H8: 114 | I8: 829
A9: Aberdeen St & Monroe St | B9: 53 | C9: 45 | D9: 60 | E9: 76 | F9: 79 | G9: 79 | H9: 51 | I9: 443
A10: Aberdeen St & Randolph St | B10: 53 | C10: 71 | D10: 117 | E10: 108 | F10: 100 | G10: 87 | H10: 86 | I10: 622
A11: Ada St & Washington Blvd | B11: 35 | C11: 60 | D11: 61 | E11: 58 | F11: 60 | G11: 57 | H11: 41 | I11: 372
A12: Addison/Racine Corral | B12: 6 | C12: 2 | D12: 5 | E12: 6 | F12: 2 | G12: 4 | H12: 10 | I12: 35
A13: Addison/Sheffield SE Corral | B13: 3 | G13: 1 | H13: 5 | I13: 9
A14: Addison/Sheffield SW Corral | G14: 1 | H14: 16 | I14: 17
A15: Addison/Wilton Corral | B15: 1 | D15: 1 | G15: 7 | H15: 8 | I15: 17
A16: Adler Planetarium | B16: 93 | C16: 33 | D16: 32 | E16: 59 | F16: 47 | G16: 93 | H16: 171 | I16: 528
A17: Albany Ave & 16th St | B17: 1 | C17: 1 | G17: 3 | H17: 5 | I17: 10
A18: Albany Ave & 26th St | B18: 3 | E18: 1 | F18: 4 | I18: 8
A19: Albany Ave & Belmont Ave | B19: 4 | C19: 6 | D19: 9 | E19: 3 | F19: 4 | G19: 5 | H19: 8 | I19: 39
A20: Albany Ave & Bloomingdale Ave | B20: 24 | C20: 23 | D20: 23 | E20: 34 | F20: 25 | G20: 35 | H20: 32 | I20: 196
A21: Albany Ave & Douglas Blvd | C21: 1 | D21: 1 | G21: 3 | H21: 3 | I21: 8
A22: Albany Ave & Montrose Ave | B22: 18 | C22: 11 | D22: 11 | E22: 13 | F22: 18 | G22: 20 | H22: 13 | I22: 104
A23: Archer (Damen) Ave & 37th St | B23: 1 | C23: 3 | D23: 3 | E23: 3 | F23: 5 | G23: 2 | H23: 2 | I23: 19
A24: Archer Ave & 43rd St | D24: 2 | G24: 1 | H24: 1 | I24: 4
A25: Archer Ave & 49th St | B25: 1 | D25: 1 | F25: 1 | G25: 1 | H25: 1 | I25: 5
A26: Archer Ave & Homan Ave | F26: 2 | G26: 3 | H26: 1 | I26: 6
A27: Archer Ave & Wentworth Ave | B27: 22 | C27: 13 | D27: 11 | E27: 7 | F27: 9 | G27: 16 | H27: 18 | I27: 96
A28: Artesian Ave & 55th St | B28: 1 | D28: 1 | F28: 1 | G28: 1 | I28: 4
A29: Artesian Ave & 71st St | D29: 1 | I29: 1
A30: Artesian Ave & Hubbard St | B30: 11 | C30: 60 | D30: 71 | E30: 69 | F30: 56 | G30: 38 | H30: 10 | I30: 315
A31: Ashland Ave & 13th St | B31: 36 | C31: 29 | D31: 27 | E31: 36 | F31: 19 | G31: 29 | H31: 46 | I31: 222
A32: Ashland Ave & 50th St | B32: 6 | C32: 3 | D32: 4 | E32: 3 | F32: 3 | G32: 4 | H32: 1 | I32: 24
A33: Ashland Ave & 63rd St | B33: 1 | C33: 1 | F33: 1 | H33: 1 | I33: 4
A34: Ashland Ave & 66th St | D34: 1 | F34: 1 | G34: 1 | H34: 1 | I34: 4
A35: Ashland Ave & 74th St | C35: 1 | F35: 1 | H35: 1 | I35: 3
A36: Ashland Ave & Archer Ave | B36: 6 | C36: 5 | D36: 10 | E36: 3 | F36: 7 | G36: 9 | H36: 10 | I36: 50
A37: Ashland Ave & Augusta Blvd | B37: 41 | C37: 74 | D37: 62 | E37: 64 | F37: 49 | G37: 70 | H37: 66 | I37: 426
A38: Ashland Ave & Belle Plaine Ave | B38: 15 | C38: 13 | D38: 20 | E38: 13 | F38: 14 | G38: 18 | H38: 24 | I38: 117
A39: Ashland Ave & Blackhawk St | B39: 37 | C39: 32 | D39: 44 | E39: 45 | F39: 45 | G39: 45 | H39: 57 | I39: 305
A40: Ashland Ave & Chicago Ave | B40: 32 | C40: 41 | D40: 56 | E40: 64 | F40: 57 | G40: 51 | H40: 73 | I40: 374
A41: Ashland Ave & Garfield Blvd | C41: 2 | E41: 1 | I41: 3
A42: Ashland Ave & Grace St | B42: 26 | C42: 18 | D42: 14 | E42: 18 | F42: 16 | G42: 15 | H42: 26 | I42: 133
A43: Ashland Ave & Grand Ave | B43: 25 | C43: 38 | D43: 28 | E43: 56 | F43: 36 | G43: 39 | H43: 47 | I43: 269
A44: Ashland Ave & Lake St | B44: 29 | C44: 39 | D44: 43 | E44: 58 | F44: 35 | G44: 47 | H44: 27 | I44: 278
A45: Ashland Ave & McDowell Ave | B45: 2 | C45: 1 | D45: 2 | E45: 1 | F45: 1 | G45: 3 | H45: 2 | I45: 12
A46: Ashland Ave & Pershing Rd | B46: 2 | C46: 3 | D46: 1 | E46: 3 | F46: 4 | G46: 7 | H46: 4 | I46: 24
A47: Ashland Ave & Wellington Ave | B47: 27 | C47: 34 | D47: 28 | E47: 37 | F47: 38 | G47: 52 | H47: 44 | I47: 260
A48: Ashland Ave & Wrightwood Ave | B48: 21 | C48: 31 | D48: 34 | E48: 39 | F48: 38 | G48: 49 | H48: 39 | I48: 251
A49: Augusta Blvd & Laramie Ave | B49: 1 | C49: 2 | D49: 1 | E49: 1 | F49: 4 | G49: 2 | I49: 11
A50: Austin Ave & Milwaukee Ave | B50: 3 | D50: 1 | E50: 2 | F50: 3 | G50: 3 | H50: 2 | I50: 14
A51: Austin Blvd & Chicago Ave | C51: 1 | E51: 1 | F51: 1 | H51: 2 | I51: 5
A52: Austin Blvd & Lake St | B52: 3 | C52: 2 | D52: 3 | E52: 1 | F52: 3 | G52: 1 | H52: 4 | I52: 17
A53: Austin Blvd & Madison St | B53: 2 | C53: 2 | D53: 1 | E53: 3 | F53: 1 | G53: 1 | H53: 1 | I53: 11
A54: Ave L & 114th | E54: 2 | F54: 1 | I54: 3
A55: Avenue O & 118th St | H55: 2 | I55: 2
A56: Avers Ave & 16th St | C56: 1 | F56: 1 | I56: 2
A57: Avers Ave & Belmont Ave | B57: 20 | C57: 9 | D57: 7 | E57: 19 | F57: 17 | G57: 32 | H57: 26 | I57: 130
A58: Avers Ave & Foster Ave | B58: 1 | C58: 1 | D58: 1 | E58: 2 | F58: 1 | G58: 1 | H58: 2 | I58: 9
A59: Avondale Ave & Irving Park Rd | B59: 14 | C59: 18 | D59: 26 | E59: 29 | F59: 17 | G59: 18 | H59: 19 | I59: 141
A60: Baltimore Ave & 133rd St | D60: 1 | E60: 1 | I60: 2
A61: Baltimore Ave & 87th St | B61: 1 | C61: 2 | D61: 1 | E61: 1 | F61: 2 | G61: 2 | H61: 1 | I61: 10
A62: Benson Ave & Church St | B62: 36 | C62: 42 | D62: 48 | E62: 41 | F62: 50 | G62: 52 | H62: 44 | I62: 313
A63: Bernard St & Elston Ave | B63: 6 | C63: 5 | D63: 4 | E63: 10 | F63: 10 | G63: 13 | H63: 3 | I63: 51
A64: Bernard St & Peterson Ave | B64: 1 | D64: 2 | E64: 3 | F64: 3 | G64: 2 | I64: 11
A65: Big Marsh Park | B65: 3 | F65: 1 | G65: 1 | H65: 2 | I65: 7
A66: Bissell St & Armitage Ave* | B66: 89 | C66: 55 | D66: 66 | E66: 71 | F66: 62 | G66: 62 | H66: 106 | I66: 511
A67: Blackstone Ave & 59th St | B67: 109 | C67: 98 | D67: 129 | E67: 136 | F67: 140 | G67: 152 | H67: 113 | I67: 877
A68: Blackstone Ave & Hyde Park Blvd | B68: 27 | C68: 30 | D68: 30 | E68: 28 | F68: 46 | G68: 50 | H68: 43 | I68: 254
A69: Blue Island Ave & 18th St | B69: 25 | C69: 28 | D69: 28 | E69: 27 | F69: 38 | G69: 36 | H69: 57 | I69: 239
A70: Bosworth Ave & Howard St | B70: 11 | C70: 10 | D70: 8 | E70: 7 | F70: 8 | G70: 6 | H70: 7 | I70: 57
A71: Bradley Park | E71: 1 | I71: 1
A72: Broadway & Argyle St | B72: 45 | C72: 42 | D72: 36 | E72: 40 | F72: 25 | G72: 44 | H72: 57 | I72: 289
A73: Broadway & Barry Ave | B73: 130 | C73: 82 | D73: 60 | E73: 78 | F73: 92 | G73: 108 | H73: 154 | I73: 704
A74: Broadway & Belmont Ave | B74: 82 | C74: 80 | D74: 97 | E74: 76 | F74: 75 | G74: 83 | H74: 102 | I74: 595
A75: Broadway & Berwyn Ave | B75: 49 | C75: 45 | D75: 41 | E75: 45 | F75: 41 | G75: 39 | H75: 68 | I75: 328
A76: Broadway & Cornelia Ave | B76: 132 | C76: 101 | D76: 105 | E76: 134 | F76: 105 | G76: 145 | H76: 172 | I76: 894
A77: Broadway & Cuyler Ave | B77: 22 | C77: 10 | D77: 12 | E77: 13 | F77: 21 | G77: 25 | H77: 27 | I77: 130
A78: Broadway & Granville Ave | B78: 50 | C78: 35 | D78: 47 | E78: 30 | F78: 41 | G78: 55 | H78: 60 | I78: 318
A79: Broadway & Oakdale Ave | B79: 77 | C79: 31 | D79: 48 | E79: 55 | F79: 61 | G79: 51 | H79: 89 | I79: 412
A80: Broadway & Ridge Ave | B80: 30 | C80: 29 | D80: 27 | E80: 27 | F80: 38 | G80: 36 | H80: 41 | I80: 228
A81: Broadway & Roscoe Ave | B81: 65 | C81: 29 | D81: 41 | E81: 49 | F81: 53 | G81: 69 | H81: 67 | I81: 373
A82: Broadway & Sheridan Rd | B82: 108 | C82: 80 | D82: 79 | E82: 97 | F82: 85 | G82: 101 | H82: 139 | I82: 689
A83: Broadway & Sunnyside Ave | B83: 61 | C83: 51 | D83: 49 | E83: 48 | F83: 46 | G83: 53 | H83: 70 | I83: 378
... A86: Broadway & Wilson Ave | B86: 56 | C86: 47 | D86: 58 | E86: 46 | F86: 56 | G86: 52 | H86: 71 | I86: 386
A87: Buckingham Fountain | B87: 33 | C87: 35 | D87: 10 | H87: 47 | I87: 125
A88: Budlong Woods Library | B88: 1 | C88: 9 | D88: 3 | E88: 3 | F88: 5 | G88: 5 | H88: 2 | I88: 28
A89: Burley Ave & 85th St | B89: 2 | I89: 2
A90: Burling St & Diversey Pkwy | B90: 97 | C90: 64 | D90: 68 | E90: 78 | F90: 70 | G90: 88 | H90: 128 | I90: 593
A91: Burnham Greenway & 105th St | G91: 1 | H91: 1 | I91: 2
A92: Burnham Greenway & 112th St | B92: 2 | C92: 1 | D92: 1 | E92: 1 | F92: 1 | H92: 2 | I92: 8
A93: Burnham Harbor | B93: 85 | C93: 17 | D93: 31 | E93: 40 | F93: 39 | G93: 51 | H93: 82 | I93: 345
A94: California & 16th St | B94: 2 | C94: 2 | D94: 2 | E94: 2 | F94: 1 | I94: 9
A95: California Ave & 21st St | B95: 6 | C95: 6 | D95: 4 | E95: 5 | F95: 9 | G95: 6 | H95: 11 | I95: 47
A96: California Ave & 23rd Pl | B96: 1 | C96: 4 | D96: 3 | E96: 5 | F96: 5 | G96: 4 | H96: 6 | I96: 28
A97: California Ave & 26th St | B97: 1 | C97: 3 | D97: 1 | E97: 1 | F97: 5 | H97: 1 | I97: 12
A98: California Ave & 29th St | C98: 1 | E98: 1 | F98: 2 | I98: 4
A99: California Ave & 36th St | C99: 1 | D99: 3 | F99: 1 | G99: 1 | I99: 6
A100: California Ave & 41st St | B100: 3 | C100: 4 | D100: 1 | E100: 4 | F100: 2 | G100: 4 | H100: 3 | I100: 21
A101: California Ave & 71st St | B101: 1 | D101: 2 | I101: 3
A102: California Ave & Altgeld St | B102: 17 | C102: 18 | D102: 12 | E102: 17 | F102: 17 | G102: 21 | H102: 30 | I102: 132
...

Sheet Dec-25
A1: Count of start_station_name | B1: Column Labels | C1: Column1 | D1: Column2 | E1: Column3 | F1: Column4 | G1: Column5 | H1: Column6 | I1: Column7
A2: Row Labels | B2: Sunday | C2: Monday | D2: Tuesday | E2: Wednesday | F2: Thursday | G2: Friday | H2: Saturday | I2: Grand Total
A3: 2112 W Peterson Ave | C3: 1 | E3: 1 | F3: 1 | G3: 3 | H3: 1 | I3: 7
A4: 63rd St Beach | D4: 1 | E4: 3 | G4: 2 | H4: 3 | I4: 9
A5: 900 W Harrison St | B5: 7 | C5: 28 | D5: 39 | E5: 30 | F5: 41 | G5: 25 | H5: 11 | I5: 181
A6: Aberdeen St & 103rd St | E6: 1 | I6: 1
A7: Aberdeen St & Carroll Ave | B7: 10 | C7: 33 | D7: 42 | E7: 41 | F7: 36 | G7: 36 | H7: 27 | I7: 225
A8: Aberdeen St & Jackson Blvd | B8: 18 | C8: 57 | D8: 81 | E8: 83 | F8: 53 | G8: 56 | H8: 54 | I8: 402
A9: Aberdeen St & Monroe St | B9: 10 | C9: 35 | D9: 45 | E9: 32 | F9: 24 | G9: 24 | H9: 18 | I9: 188
A10: Aberdeen St & Randolph St | B10: 13 | C10: 44 | D10: 57 | E10: 59 | F10: 39 | G10: 28 | H10: 22 | I10: 262
A11: Ada St & 113th Place | D11: 1 | I11: 1
A12: Ada St & Washington Blvd | B12: 11 | C12: 18 | D12: 31 | E12: 42 | F12: 29 | G12: 20 | H12: 19 | I12: 170
A13: Addison/Racine Corral | C13: 1 | D13: 2 | E13: 1 | F13: 3 | G13: 3 | H13: 1 | I13: 11
A14: Addison/Sheffield SE Corral | F14: 1 | I14: 1
A15: Addison/Sheffield SW Corral | F15: 1 | G15: 1 | I15: 2
A16: Addison/Wilton Corral | C16: 1 | E16: 1 | F16: 1 | I16: 3
A17: Adler Planetarium | B17: 11 | C17: 14 | D17: 33 | E17: 23 | F17: 21 | G17: 8 | H17: 26 | I17: 136
A18: Albany Ave & 16th St | C18: 1 | E18: 1 | I18: 2
A19: Albany Ave & 26th St | C19: 2 | D19: 1 | E19: 1 | I19: 4
A20: Albany Ave & Belmont Ave | D20: 1 | E20: 2 | F20: 1 | G20: 1 | H20: 6 | I20: 11
A21: Albany Ave & Bloomingdale Ave | B21: 5 | C21: 11 | D21: 11 | E21: 20 | F21: 4 | G21: 7 | H21: 12 | I21: 70
A22: Albany Ave & Douglas Blvd | G22: 2 | H22: 1 | I22: 3
A23: Albany Ave & Montrose Ave | B23: 7 | C23: 5 | D23: 8 | E23: 9 | F23: 9 | G23: 7 | H23: 7 | I23: 52
A24: Altgeld Gardens | G24: 1 | I24: 1
A25: Archer (Damen) Ave & 37th St | B25: 2 | C25: 2 | D25: 2 | E25: 1 | F25: 1 | H25: 2 | I25: 10
A26: Archer Ave & 49th St | E26: 1 | F26: 1 | G26: 1 | H26: 2 | I26: 5
A27: Archer Ave & Homan Ave | D27: 1 | F27: 2 | I27: 3
A28: Archer Ave & Wentworth Ave | B28: 4 | C28: 7 | D28: 10 | E28: 4 | F28: 4 | G28: 3 | H28: 9 | I28: 41
A29: Artesian Ave & 55th St | F29: 1 | I29: 1
A30: Artesian Ave & 71st St | D30: 1 | E30: 1 | H30: 1 | I30: 3
A31: Artesian Ave & Hubbard St | B31: 4 | C31: 20 | D31: 33 | E31: 31 | F31: 25 | G31: 20 | H31: 6 | I31: 139
A32: Artesian Ave & Marquette Rd | H32: 1 | I32: 1
A33: Ashland Ave & 13th St | B33: 11 | C33: 15 | D33: 28 | E33: 6 | F33: 16 | G33: 15 | H33: 16 | I33: 107
A34: Ashland Ave & 50th St | B34: 2 | C34: 1 | D34: 4 | E34: 2 | G34: 3 | H34: 3 | I34: 15
A35: Ashland Ave & 63rd St | E35: 1 | I35: 1
A36: Ashland Ave & 74th St | D36: 1 | H36: 1 | I36: 2
A37: Ashland Ave & 78th St | H37: 1 | I37: 1
A38: Ashland Ave & Archer Ave | B38: 2 | C38: 3 | D38: 2 | E38: 5 | F38: 3 | G38: 1 | H38: 1 | I38: 17
A39: Ashland Ave & Augusta Blvd | B39: 6 | C39: 21 | D39: 26 | E39: 25 | F39: 20 | G39: 15 | H39: 14 | I39: 127
A40: Ashland Ave & Belle Plaine Ave | B40: 2 | C40: 6 | D40: 8 | E40: 4 | F40: 6 | G40: 4 | H40: 5 | I40: 35
A41: Ashland Ave & Blackhawk St | B41: 11 | C41: 14 | D41: 24 | E41: 21 | F41: 16 | G41: 21 | H41: 27 | I41: 134
A42: Ashland Ave & Chicago Ave | B42: 12 | C42: 31 | D42: 37 | E42: 43 | F42: 23 | G42: 28 | H42: 10 | I42: 184
A43: Ashland Ave & Garfield Blvd | D43: 1 | I43: 1
A44: Ashland Ave & Grace St | B44: 6 | C44: 10 | D44: 12 | E44: 11 | F44: 8 | G44: 6 | H44: 11 | I44: 64
A45: Ashland Ave & Grand Ave | B45: 9 | C45: 9 | D45: 10 | E45: 18 | F45: 13 | G45: 12 | H45: 14 | I45: 85
A46: Ashland Ave & Lake St | B46: 8 | C46: 14 | D46: 22 | E46: 16 | F46: 19 | G46: 20 | H46: 12 | I46: 111
A47: Ashland Ave & McDowell Ave | B47: 2 | E47: 2 | G47: 2 | I47: 6
A48: Ashland Ave & Pershing Rd | C48: 1 | D48: 5 | E48: 3 | F48: 4 | G48: 5 | H48: 1 | I48: 19
A49: Ashland Ave & Wellington Ave | B49: 13 | C49: 17 | D49: 22 | E49: 28 | F49: 17 | G49: 29 | H49: 19 | I49: 145
A50: Ashland Ave & Wrightwood Ave | B50: 6 | C50: 13 | D50: 24 | E50: 15 | F50: 23 | G50: 15 | H50: 13 | I50: 109
A51: Austin Ave & Milwaukee Ave | C51: 2 | D51: 1 | E51: 2 | F51: 1 | H51: 1 | I51: 7
A52: Austin Blvd & Chicago Ave | E52: 1 | G52: 1 | I52: 2
A53: Austin Blvd & Lake St | C53: 2 | D53: 4 | E53: 1 | F53: 1 | H53: 3 | I53: 11
A54: Austin Blvd & Madison St | E54: 2 | F54: 1 | I54: 3
A55: Avers Ave & Belmont Ave | B55: 3 | C55: 7 | D55: 4 | E55: 7 | F55: 5 | G55: 5 | H55: 9 | I55: 40
A56: Avers Ave & Foster Ave | B56: 1 | D56: 1 | H56: 1 | I56: 3
A57: Avondale Ave & Irving Park Rd | B57: 3 | C57: 12 | D57: 18 | E57: 12 | F57: 13 | G57: 6 | H57: 6 | I57: 70
A58: Baltimore Ave & 133rd St | C58: 1 | I58: 1
A59: Baltimore Ave & 87th St | D59: 1 | F59: 1 | G59: 1 | I59: 3
A60: Bennett Ave & 79th St | B60: 1 | I60: 1
A61: Benson Ave & Church St | B61: 6 | C61: 8 | D61: 23 | E61: 11 | F61: 12 | G61: 15 | H61: 13 | I61: 88
A62: Bernard St & Elston Ave | B62: 4 | C62: 1 | D62: 5 | E62: 3 | F62: 2 | G62: 1 | H62: 1 | I62: 17
A63: Bernard St & Peterson Ave | D63: 1 | E63: 1 | H63: 2 | I63: 4
A64: Bissell St & Armitage Ave* | B64: 22 | C64: 28 | D64: 28 | E64: 33 | F64: 24 | G64: 25 | H64: 36 | I64: 196
A65: Blackstone Ave & 59th St | B65: 14 | C65: 33 | D65: 36 | E65: 30 | F65: 45 | G65: 44 | H65: 41 | I65: 243
A66: Blackstone Ave & Hyde Park Blvd | B66: 2 | C66: 11 | D66: 11 | E66: 16 | F66: 8 | G66: 12 | H66: 13 | I66: 73
A67: Blue Island Ave & 18th St | B67: 14 | C67: 19 | D67: 16 | E67: 24 | F67: 14 | G67: 19 | H67: 19 | I67: 125
A68: Bosworth Ave & Howard St | B68: 1 | C68: 3 | D68: 2 | E68: 5 | F68: 3 | G68: 2 | I68: 16
A69: Broadway & Argyle St | B69: 10 | C69: 12 | D69: 19 | E69: 24 | F69: 15 | G69: 18 | H69: 17 | I69: 115
A70: Broadway & Barry Ave | B70: 18 | C70: 40 | D70: 41 | E70: 55 | F70: 35 | G70: 35 | H70: 51 | I70: 275
A71: Broadway & Belmont Ave | B71: 19 | C71: 28 | D71: 54 | E71: 47 | F71: 31 | G71: 31 | H71: 30 | I71: 240
A72: Broadway & Berwyn Ave | B72: 9 | C72: 30 | D72: 33 | E72: 31 | F72: 20 | G72: 30 | H72: 22 | I72: 175
A73: Broadway & Cornelia Ave | B73: 25 | C73: 55 | D73: 61 | E73: 50 | F73: 40 | G73: 43 | H73: 42 | I73: 316
A74: Broadway & Cuyler Ave | B74: 6 | C74: 1 | D74: 15 | E74: 6 | F74: 9 | G74: 5 | H74: 10 | I74: 52
A75: Broadway & Granville Ave | B75: 9 | C75: 10 | D75: 18 | E75: 23 | F75: 18 | G75: 19 | H75: 15 | I75: 112
A76: Broadway & Oakdale Ave | B76: 12 | C76: 13 | D76: 16 | E76: 22 | F76: 10 | G76: 20 | H76: 18 | I76: 111
A77: Broadway & Ridge Ave | B77: 5 | C77: 17 | D77: 21 | E77: 24 | F77: 16 | G77: 11 | H77: 17 | I77: 111
A78: Broadway & Roscoe Ave | B78: 8 | C78: 13 | D78: 17 | E78: 22 | F78: 25 | G78: 29 | H78: 27 | I78: 141
A79: Broadway & Sheridan Rd | B79: 25 | C79: 45 | D79: 54 | E79: 61 | F79: 38 | G79: 46 | H79: 49 | I79: 318
A80: Broadway & Sunnyside Ave | B80: 12 | C80: 25 | D80: 24 | E80: 28 | F80: 14 | G80: 21 | H80: 27 | I80: 151
... A84: Budlong Woods Library | B84: 2 | C84: 2 | D84: 2 | E84: 5 | F84: 2 | G84: 2 | H84: 2 | I84: 17
A85: Burley Ave & 85th St | G85: 1 | I85: 1
A86: Burley Ave & 91st St | F86: 1 | I86: 1
A87: Burling St & Diversey Pkwy | B87: 16 | C87: 35 | D87: 45 | E87: 40 | F87: 34 | G87: 32 | H87: 28 | I87: 230
A88: Burnham Greenway & 105th St | C88: 1 | D88: 2 | F88: 2 | I88: 5
A89: Burnham Greenway & 112th St | C89: 1 | F89: 1 | I89: 2
A90: Burnham Harbor | B90: 10 | C90: 4 | D90: 16 | E90: 18 | F90: 16 | G90: 14 | H90: 24 | I90: 102
A91: California & 16th St | D91: 2 | E91: 1 | F91: 1 | H91: 1 | I91: 5
A92: California Ave & 21st St | C92: 1 | D92: 2 | E92: 4 | F92: 5 | G92: 3 | I92: 15
A93: California Ave & 23rd Pl | C93: 5 | D93: 2 | E93: 3 | F93: 1 | G93: 1 | I93: 12
A94: California Ave & 26th St | D94: 1 | G94: 1 | I94: 2
A95: California Ave & 36th St | D95: 1 | G95: 1 | I95: 2
A96: California Ave & 41st St | D96: 2 | F96: 1 | G96: 2 | H96: 1 | I96: 6
A97: California Ave & 71st St | D97: 1 | E97: 1 | I97: 2
A98: California Ave & Altgeld St | B98: 2 | C98: 6 | D98: 12 | E98: 2 | F98: 5 | G98: 9 | H98: 10 | I98: 46
A99: California Ave & Byron St | B99: 1 | C99: 5 | D99: 8 | E99: 7 | F99: 4 | G99: 4 | H99: 15 | I99: 44
A100: California Ave & Cortez St | B100: 3 | C100: 6 | D100: 12 | E100: 14 | F100: 3 | G100: 19 | H100: 9 | I100: 66
A101: California Ave & Division St | B101: 3 | C101: 12 | D101: 17 | E101: 11 | F101: 20 | G101: 7 | H101: 6 | I101: 76
A102: California Ave & Fletcher St | B102: 4 | C102: 5 | D102: 6 | E102: 11 | F102: 1 | G102: 11 | H102: 4 | I102: 42
A103: California Ave & Francis Pl | B103: 7 | C103: 8 | D103: 14 | E103: 11 | F103: 13 | G103: 14 | H103: 12 | I103: 79
...

Sheet Oct-25
A1: Count of start_station_name | B1: Column Labels | C1: Column1 | D1: Column2 | E1: Column3 | F1: Column4 | G1: Column5 | H1: Column6 | I1: Column7
A2: Row Labels | B2: Sunday | C2: Monday | D2: Tuesday | E2: Wednesday | F2: Thursday | G2: Friday | H2: Saturday | I2: Grand Total
A3: 2112 W Peterson Ave | B3: 5 | C3: 13 | D3: 3 | E3: 12 | F3: 7 | G3: 17 | H3: 6 | I3: 63
A4: 21st St & Pulaski Rd | C4: 1 | G4: 2 | I4: 3
A5: 63rd St Beach | B5: 25 | C5: 12 | D5: 9 | E5: 4 | F5: 13 | G5: 7 | H5: 22 | I5: 92
A6: 900 W Harrison St | B6: 59 | C6: 180 | D6: 156 | E6: 200 | F6: 217 | G6: 180 | H6: 82 | I6: 1074
A7: Aberdeen St & 103rd St | C7: 2 | E7: 1 | I7: 3
A8: Aberdeen St & Carroll Ave | B8: 66 | C8: 127 | D8: 104 | E8: 156 | F8: 148 | G8: 136 | H8: 68 | I8: 805
A9: Aberdeen St & Jackson Blvd | B9: 132 | C9: 154 | D9: 177 | E9: 234 | F9: 224 | G9: 237 | H9: 179 | I9: 1337
A10: Aberdeen St & Monroe St | B10: 65 | C10: 81 | D10: 109 | E10: 121 | F10: 140 | G10: 138 | H10: 82 | I10: 736
A11: Aberdeen St & Randolph St | B11: 107 | C11: 149 | D11: 135 | E11: 167 | F11: 193 | G11: 138 | H11: 126 | I11: 1015
A12: Ada St & Washington Blvd | B12: 51 | C12: 79 | D12: 89 | E12: 123 | F12: 130 | G12: 109 | H12: 95 | I12: 676
A13: Addison/Racine Corral | B13: 8 | C13: 3 | D13: 7 | E13: 35 | F13: 40 | G13: 4 | H13: 15 | I13: 112
A14: Addison/Sheffield SE Corral | B14: 1 | C14: 2 | E14: 13 | F14: 1 | H14: 2 | I14: 19
A15: Addison/Sheffield SW Corral | B15: 1 | E15: 19 | F15: 13 | G15: 2 | H15: 4 | I15: 39
A16: Addison/Wilton Corral | B16: 5 | E16: 9 | F16: 21 | G16: 9 | H16: 5 | I16: 49
A17: Adler Planetarium | B17: 183 | C17: 111 | D17: 77 | E17: 163 | F17: 139 | G17: 227 | H17: 205 | I17: 1105
A18: Albany Ave & 16th St | E18: 2 | G18: 1 | I18: 3
A19: Albany Ave & 26th St | D19: 4 | E19: 1 | F19: 5 | G19: 3 | H19: 3 | I19: 16
A20: Albany Ave & Belmont Ave | B20: 14 | C20: 6 | D20: 2 | E20: 15 | F20: 12 | G20: 4 | H20: 10 | I20: 63
A21: Albany Ave & Bloomingdale Ave | B21: 38 | C21: 65 | D21: 45 | E21: 68 | F21: 75 | G21: 63 | H21: 55 | I21: 409
A22: Albany Ave & Douglas Blvd | B22: 3 | G22: 2 | H22: 1 | I22: 6
A23: Albany Ave & Montrose Ave | B23: 23 | C23: 15 | D23: 21 | E23: 25 | F23: 30 | G23: 17 | H23: 29 | I23: 160
A24: Altgeld Gardens | B24: 2 | D24: 1 | I24: 3
A25: Archer (Damen) Ave & 37th St | B25: 6 | C25: 5 | D25: 4 | E25: 3 | F25: 2 | G25: 5 | H25: 5 | I25: 30
A26: Archer Ave & 43rd St | E26: 2 | F26: 1 | G26: 1 | I26: 4
A27: Archer Ave & 49th St | D27: 1 | E27: 2 | G27: 1 | H27: 1 | I27: 5
A28: Archer Ave & Homan Ave | F28: 2 | G28: 1 | H28: 1 | I28: 4
A29: Archer Ave & Wentworth Ave | B29: 49 | C29: 16 | D29: 19 | E29: 21 | F29: 41 | G29: 42 | H29: 46 | I29: 234
A30: Artesian Ave & 55th St | C30: 1 | F30: 1 | G30: 1 | I30: 3
A31: Artesian Ave & 71st St | C31: 1 | G31: 1 | I31: 2
A32: Artesian Ave & Hubbard St | B32: 25 | C32: 71 | D32: 91 | E32: 115 | F32: 111 | G32: 59 | H32: 26 | I32: 498
A33: Artesian Ave & Marquette Rd | C33: 1 | F33: 1 | H33: 6 | I33: 8
A34: Ashland Ave & 13th St | B34: 42 | C34: 45 | D34: 38 | E34: 61 | F34: 46 | G34: 51 | H34: 57 | I34: 340
A35: Ashland Ave & 50th St | B35: 2 | C35: 1 | D35: 2 | E35: 3 | F35: 1 | G35: 1 | H35: 2 | I35: 12
A36: Ashland Ave & 63rd St | B36: 1 | G36: 2 | H36: 1 | I36: 4
A37: Ashland Ave & 66th St | D37: 2 | H37: 1 | I37: 3
A38: Ashland Ave & 74th St | B38: 1 | D38: 1 | I38: 2
A39: Ashland Ave & 78th St | C39: 2 | D39: 1 | I39: 3
A40: Ashland Ave & Archer Ave | B40: 8 | C40: 10 | D40: 7 | E40: 9 | F40: 8 | G40: 10 | H40: 6 | I40: 58
A41: Ashland Ave & Augusta Blvd | B41: 77 | C41: 95 | D41: 89 | E41: 104 | F41: 116 | G41: 103 | H41: 74 | I41: 658
A42: Ashland Ave & Belle Plaine Ave | B42: 34 | C42: 27 | D42: 24 | E42: 34 | F42: 27 | G42: 33 | H42: 33 | I42: 212
A43: Ashland Ave & Blackhawk St | B43: 85 | C43: 79 | D43: 68 | E43: 81 | F43: 111 | G43: 130 | H43: 103 | I43: 657
A44: Ashland Ave & Chicago Ave | B44: 56 | C44: 72 | D44: 75 | E44: 113 | F44: 104 | G44: 110 | H44: 90 | I44: 620
A45: Ashland Ave & Division St | B45: 115 | C45: 99 | D45: 115 | E45: 185 | F45: 165 | G45: 114 | H45: 145 | I45: 938
A46: Ashland Ave & Garfield Blvd | B46: 2 | D46: 1 | I46: 3
A47: Ashland Ave & Grace St | B47: 28 | C47: 25 | D47: 14 | E47: 28 | F47: 26 | G47: 21 | H47: 27 | I47: 169
A48: Ashland Ave & Grand Ave | B48: 42 | C48: 38 | D48: 40 | E48: 57 | F48: 59 | G48: 55 | H48: 52 | I48: 343
A49: Ashland Ave & Lake St | B49: 59 | C49: 53 | D49: 59 | E49: 99 | F49: 74 | G49: 91 | H49: 52 | I49: 487
A50: Ashland Ave & McDowell Ave | C50: 2 | D50: 3 | E50: 2 | F50: 1 | G50: 4 | I50: 12
A51: Ashland Ave & Pershing Rd | B51: 2 | C51: 1 | D51: 5 | E51: 10 | F51: 5 | G51: 5 | H51: 4 | I51: 32
A52: Ashland Ave & Wellington Ave | B52: 80 | C52: 50 | D52: 50 | E52: 54 | F52: 90 | G52: 82 | H52: 83 | I52: 489
A53: Ashland Ave & Wrightwood Ave | B53: 50 | C53: 51 | D53: 43 | E53: 88 | F53: 86 | G53: 81 | H53: 61 | I53: 460
A54: Augusta Blvd & Laramie Ave | C54: 2 | E54: 1 | F54: 2 | G54: 2 | I54: 7
A55: Austin Ave & Milwaukee Ave | B55: 3 | C55: 3 | E55: 5 | F55: 3 | G55: 6 | I55: 20
A56: Austin Blvd & Chicago Ave | B56: 2 | C56: 1 | E56: 1 | F56: 1 | G56: 1 | H56: 1 | I56: 7
A57: Austin Blvd & Lake St | B57: 5 | C57: 5 | D57: 3 | E57: 2 | F57: 6 | G57: 7 | H57: 3 | I57: 31
A58: Austin Blvd & Madison St | B58: 5 | C58: 4 | D58: 1 | E58: 5 | H58: 4 | I58: 19
A59: Ave L & 114th | C59: 1 | D59: 1 | F59: 1 | H59: 5 | I59: 8
A60: Avenue O & 118th St | B60: 1 | D60: 1 | F60: 1 | H60: 1 | I60: 4
A61: Avenue O & 134th St | G61: 1 | I61: 1
A62: Avers Ave & 16th St | D62: 1 | E62: 2 | I62: 3
A63: Avers Ave & Belmont Ave | B63: 31 | C63: 32 | D63: 26 | E63: 38 | F63: 49 | G63: 51 | H63: 36 | I63: 263
A64: Avers Ave & Foster Ave | B64: 7 | C64: 5 | D64: 4 | E64: 3 | F64: 4 | G64: 5 | H64: 4 | I64: 32
A65: Avondale Ave & Irving Park Rd | B65: 24 | C65: 41 | D65: 45 | E65: 52 | F65: 48 | G65: 32 | H65: 31 | I65: 273
A66: Baltimore Ave & 133rd St | C66: 2 | E66: 1 | F66: 1 | I66: 4
A67: Baltimore Ave & 87th St | B67: 1 | C67: 2 | D67: 3 | F67: 2 | I67: 8
A68: Benson Ave & Church St | B68: 50 | C68: 70 | D68: 63 | E68: 99 | F68: 95 | G68: 112 | H68: 78 | I68: 567
A69: Bernard St & Elston Ave | B69: 8 | C69: 9 | D69: 3 | E69: 13 | F69: 26 | G69: 11 | H69: 4 | I69: 74
A70: Bernard St & Peterson Ave | B70: 3 | D70: 1 | E70: 2 | F70: 1 | G70: 1 | H70: 2 | I70: 10
A71: Big Marsh Park | B71: 11 | C71: 1 | D71: 3 | F71: 1 | G71: 6 | H71: 4 | I71: 26
A72: Bissell St & Armitage Ave* | B72: 173 | C72: 113 | D72: 95 | E72: 152 | F72: 166 | G72: 142 | H72: 188 | I72: 1029
A73: Blackstone Ave & 59th St | B73: 118 | C73: 161 | D73: 176 | E73: 214 | F73: 181 | G73: 245 | H73: 165 | I73: 1260
A74: Blackstone Ave & Hyde Park Blvd | B74: 50 | C74: 51 | D74: 49 | E74: 58 | F74: 81 | G74: 77 | H74: 56 | I74: 422
A75: Blue Island Ave & 18th St | B75: 80 | C75: 44 | D75: 52 | E75: 71 | F75: 76 | G75: 57 | H75: 68 | I75: 448
A76: Bosworth Ave & Howard St | B76: 13 | C76: 9 | D76: 12 | E76: 10 | F76: 12 | G76: 16 | H76: 10 | I76: 82
A77: Bradley Park | B77: 2 | E77: 1 | G77: 5 | I77: 8
A78: Broadway & Argyle St | B78: 78 | C78: 60 | D78: 47 | E78: 67 | F78: 78 | G78: 73 | H78: 90 | I78: 493
A79: Broadway & Barry Ave | B79: 212 | C79: 120 | D79: 113 | E79: 161 | F79: 192 | G79: 233 | H79: 257 | I79: 1288
A80: Broadway & Belmont Ave | B80: 159 | C80: 136 | D80: 140 | E80: 181 | F80: 203 | G80: 199 | H80: 190 | I80: 1208
A81: Broadway & Berwyn Ave | B81: 74 | C81: 80 | D81: 73 | E81: 114 | F81: 106 | G81: 109 | H81: 103 | I81: 659
A82: Broadway & Cornelia Ave | B82: 237 | C82: 199 | D82: 177 | E82: 285 | F82: 260 | G82: 276 | H82: 288 | I82: 1722
A83: Broadway & Cuyler Ave | B83: 45 | C83: 28 | D83: 16 | E83: 29 | F83: 33 | G83: 48 | H83: 41 | I83: 240
A84: Broadway & Granville Ave | B84: 101 | C84: 65 | D84: 65 | E84: 71 | F84: 102 | G84: 105 | H84: 106 | I84: 615
A85: Broadway & Oakdale Ave | B85: 135 | C85: 81 | D85: 80 | E85: 101 | F85: 134 | G85: 157 | H85: 143 | I85: 831
A86: Broadway & Ridge Ave | B86: 57 | C86: 45 | D86: 41 | E86: 62 | F86: 53 | G86: 67 | H86: 66 | I86: 391
A87: Broadway & Roscoe Ave | B87: 43 | C87: 33 | D87: 29 | E87: 30 | F87: 41 | G87: 49 | H87: 35 | I87: 260
A88: Broadway & Sheridan Rd | B88: 171 | C88: 134 | D88: 111 | E88: 168 | F88: 170 | G88: 200 | H88: 213 | I88: 1167
A89: Broadway & Sunnyside Ave | B89: 91 | C89: 69 | D89: 82 | E89: 96 | F89: 98 | G89: 99 | H89: 116 | I89: 651
... A94: Budlong Woods Library | B94: 2 | C94: 14 | D94: 7 | E94: 15 | F94: 2 | G94: 14 | H94: 9 | I94: 63
A95: Burley Ave & 85th St | D95: 1 | F95: 2 | G95: 1 | I95: 4
A96: Burley Ave & 91st St | C96: 1 | D96: 1 | E96: 1 | F96: 3 | H96: 3 | I96: 9
A97: Burling St & Armitage Ave | B97: 22 | C97: 10 | D97: 9 | E97: 24 | F97: 28 | G97: 24 | H97: 36 | I97: 153
A98: Burling St & Diversey Pkwy | B98: 159 | C98: 134 | D98: 81 | E98: 151 | F98: 142 | G98: 158 | H98: 172 | I98: 997
A99: Burnham Greenway & 105th St | B99: 1 | C99: 1 | E99: 1 | F99: 1 | G99: 1 | I99: 5
A100: Burnham Greenway & 112th St | B100: 2 | E100: 1 | G100: 2 | H100: 2 | I100: 7
A101: Burnham Harbor | B101: 128 | C101: 72 | D101: 68 | E101: 69 | F101: 142 | G101: 267 | H101: 310 | I101: 1056
A102: California & 16th St | B102: 3 | C102: 3 | D102: 1 | E102: 3 | F102: 3 | G102: 3 | H102: 1 | I102: 17
A103: California Ave & 21st St | B103: 5 | C103: 4 | D103: 4 | E103: 11 | F103: 14 | G103: 12 | H103: 11 | I103: 61
A104: California Ave & 23rd Pl | B104: 2 | C104: 4 | D104: 6 | E104: 9 | F104: 11 | G104: 14 | H104: 11 | I104: 57
...

Sheet Sheet4
A3: Row Labels | B3: Sum of Sunday | C3: Sum of Monday | D3: Sum of Tuesday | E3: Sum of Wednesday | F3: Sum of Thursday | G3: Sum of Friday | H3: Sum of Saturday | I3: Sum of Grand Total
A4: 2112 W Peterson Ave | B4: 98 | C4: 116 | D4: 75 | E4: 83 | F4: 88 | G4: 107 | H4: 100 | I4: 667
A5: 21st St & Pulaski Rd | B5: 3 | C5: 9 | D5: 13 | E5: 5 | F5: 10 | G5: 14 | H5: 14 | I5: 68
A6: 63rd St Beach | B6: 293 | C6: 135 | D6: 112 | E6: 83 | F6: 133 | G6: 149 | H6: 254 | I6: 1159
A7: 900 W Harrison St | B7: 543 | C7: 1146 | D7: 1314 | E7: 1345 | F7: 1244 | G7: 1249 | H7: 741 | I7: 7582
A8: Aberdeen St & 103rd St | B8: 3 | C8: 4 | D8: 4 | E8: 8 | F8: 5 | G8: 1 | H8: 8 | I8: 33
A9: Aberdeen St & 106th St | D9: 1 | F9: 1 | I9: 2
A10: Aberdeen St & Carroll Ave | B10: 629 | C10: 1134 | D10: 1342 | E10: 1327 | F10: 1272 | G10: 1051 | H10: 782 | I10: 7537
A11: Aberdeen St & Jackson Blvd | B11: 1227 | C11: 1607 | D11: 1776 | E11: 1735 | F11: 1707 | G11: 1804 | H11: 1517 | I11: 11373
A12: Aberdeen St & Monroe St | B12: 719 | C12: 891 | D12: 1181 | E12: 1078 | F12: 1087 | G12: 1088 | H12: 781 | I12: 6825
A13: Aberdeen St & Randolph St | B13: 838 | C13: 1088 | D13: 1380 | E13: 1410 | F13: 1420 | G13: 1105 | H13: 1008 | I13: 8249
A14: Ada St & 113th Pl | C14: 1 | D14: 6 | E14: 4 | F14: 2 | G14: 3 | H14: 2 | I14: 18
A15: Ada St & 113th Place | B15: 1 | C15: 1 | D15: 1 | H15: 1 | I15: 4
A16: Ada St & Washington Blvd | B16: 524 | C16: 762 | D16: 902 | E16: 1028 | F16: 966 | G16: 899 | H16: 659 | I16: 5740
A17: Addison/Racine Corral | B17: 148 | C17: 136 | D17: 147 | E17: 192 | F17: 142 | G17: 139 | H17: 194 | I17: 1098
A18: Addison/Sheffield SE Corral | B18: 96 | C18: 95 | D18: 117 | E18: 105 | F18: 48 | G18: 125 | H18: 105 | I18: 691
A19: Addison/Sheffield SW Corral | B19: 142 | C19: 206 | D19: 223 | E19: 166 | F19: 111 | G19: 242 | H19: 257 | I19: 1347
A20: Addison/Wilton Corral | B20: 59 | C20: 71 | D20: 78 | E20: 75 | F20: 50 | G20: 106 | H20: 118 | I20: 557
A21: Adler Planetarium | B21: 2268 | C21: 1572 | D21: 1452 | E21: 1525 | F21: 1388 | G21: 1878 | H21: 2831 | I21: 12914
A22: Albany Ave & 16th St | B22: 31 | C22: 17 | D22: 13 | E22: 15 | F22: 16 | G22: 29 | H22: 26 | I22: 147
A23: Albany Ave & 26th St | B23: 14 | C23: 20 | D23: 11 | E23: 17 | F23: 20 | G23: 24 | H23: 17 | I23: 123
A24: Albany Ave & Belmont Ave | B24: 117 | C24: 121 | D24: 153 | E24: 118 | F24: 142 | G24: 125 | H24: 129 | I24: 905
A25: Albany Ave & Bloomingdale Ave | B25: 422 | C25: 449 | D25: 469 | E25: 471 | F25: 485 | G25: 521 | H25: 502 | I25: 3319
A26: Albany Ave & Douglas Blvd | B26: 8 | C26: 13 | D26: 8 | E26: 12 | F26: 13 | G26: 31 | H26: 19 | I26: 104
A27: Albany Ave & Montrose Ave | B27: 304 | C27: 243 | D27: 295 | E27: 317 | F27: 293 | G27: 291 | H27: 338 | I27: 2081
... A41: Ashland Ave & 63rd St | B41: 3 | C41: 6 | D41: 7 | E41: 7 | F41: 5 | G41: 10 | H41: 12 | I41: 50
A42: Ashland Ave & 66th St | C42: 2 | D42: 12 | E42: 5 | F42: 5 | G42: 3 | H42: 4 | I42: 31
A43: Ashland Ave & 74th St | B43: 8 | C43: 7 | D43: 11 | E43: 14 | F43: 12 | G43: 13 | H43: 12 | I43: 77
A44: Ashland Ave & 78th St | B44: 2 | C44: 6 | D44: 4 | E44: 6 | F44: 1 | G44: 3 | H44: 1 | I44: 23
A45: Ashland Ave & Addison St | B45: 50 | C45: 38 | D45: 53 | E45: 41 | F45: 24 | G45: 53 | H45: 62 | I45: 321
A46: Ashland Ave & Archer Ave | B46: 26 | C46: 29 | D46: 25 | E46: 22 | F46: 37 | G46: 42 | H46: 24 | I46: 205
A47: Ashland Ave & Augusta Blvd | B47: 631 | C47: 902 | D47: 1018 | E47: 941 | F47: 987 | G47: 888 | H47: 831 | I47: 6198
A48: Ashland Ave & Belle Plaine Ave | B48: 335 | C48: 294 | D48: 356 | E48: 327 | F48: 364 | G48: 387 | H48: 399 | I48: 2462
A49: Ashland Ave & Blackhawk St | B49: 803 | C49: 716 | D49: 715 | E49: 756 | F49: 799 | G49: 867 | H49: 1047 | I49: 5703
A50: Ashland Ave & Chicago Ave | B50: 594 | C50: 766 | D50: 882 | E50: 945 | F50: 871 | G50: 928 | H50: 917 | I50: 5903
A51: Ashland Ave & Division St | B51: 115 | C51: 99 | D51: 115 | E51: 185 | F51: 165 | G51: 114 | H51: 145 | I51: 938
A52: Ashland Ave & Garfield Blvd | B52: 9 | C52: 11 | D52: 17 | E52: 7 | F52: 11 | G52: 5 | H52: 12 | I52: 72
A53: Ashland Ave & Grace St | B53: 557 | C53: 489 | D53: 542 | E53: 522 | F53: 469 | G53: 623 | H53: 718 | I53: 3920
A54: Ashland Ave & Grand Ave | B54: 419 | C54: 478 | D54: 562 | E54: 696 | F54: 610 | G54: 623 | H54: 552 | I54: 3940
... A68: Avenue O & 134th St | B68: 4 | C68: 1 | D68: 1 | E68: 3 | F68: 2 | G68: 3 | H68: 6 | I68: 20
A69: Avers Ave & 103rd St | B69: 2 | C69: 5 | D69: 7 | E69: 5 | F69: 4 | H69: 7 | I69: 30
A70: Avers Ave & 16th St | B70: 3 | C70: 6 | D70: 14 | E70: 11 | F70: 9 | G70: 8 | H70: 4 | I70: 55
A71: Avers Ave & Belmont Ave | B71: 394 | C71: 352 | D71: 371 | E71: 369 | F71: 394 | G71: 429 | H71: 453 | I71: 2762
A72: Avers Ave & Foster Ave | B72: 52 | C72: 47 | D72: 54 | E72: 45 | F72: 41 | G72: 49 | H72: 60 | I72: 348
A73: Avondale Ave & Irving Park Rd | B73: 192 | C73: 318 | D73: 361 | E73: 375 | F73: 328 | G73: 265 | H73: 254 | I73: 2093
A74: Baltimore Ave & 133rd St | B74: 2 | C74: 10 | D74: 11 | E74: 7 | F74: 6 | G74: 3 | H74: 5 | I74: 44
A75: Baltimore Ave & 87th St | B75: 17 | C75: 22 | D75: 15 | E75: 13 | F75: 16 | G75: 22 | H75: 9 | I75: 114
A76: Bennett Ave & 79th St | B76: 6 | C76: 7 | D76: 2 | E76: 4 | F76: 5 | G76: 5 | H76: 11 | I76: 40
A77: Benson Ave & Church St | B77: 530 | C77: 630 | D77: 708 | E77: 694 | F77: 693 | G77: 724 | H77: 609 | I77: 4588
A78: Bent Park | B78: 10 | C78: 5 | D78: 2 | E78: 6 | F78: 1 | G78: 7 | H78: 8 | I78: 39
A79: Bernard St & Elston Ave | B79: 100 | C79: 95 | D79: 116 | E79: 136 | F79: 141 | G79: 136 | H79: 117 | I79: 841
A80: Bernard St & Peterson Ave | B80: 35 | C80: 53 | D80: 58 | E80: 51 | F80: 47 | G80: 49 | H80: 23 | I80: 316
A81: Big Marsh Park | B81: 96 | C81: 52 | D81: 35 | E81: 12 | F81: 18 | G81: 38 | H81: 74 | I81: 325
... A88: Bosworth Ave & Howard St | B88: 111 | C88: 92 | D88: 111 | E88: 101 | F88: 102 | G88: 94 | H88: 135 | I88: 746
A89: Bradley Park | B89: 2 | E89: 2 | G89: 5 | I89: 9
A90: Broadway & Argyle St | B90: 845 | C90: 769 | D90: 722 | E90: 723 | F90: 716 | G90: 843 | H90: 1018 | I90: 5636
A91: Broadway & Barry Ave | B91: 1997 | C91: 1681 | D91: 1736 | E91: 1640 | F91: 1708 | G91: 2015 | H91: 2348 | I91: 13125
A92: Broadway & Belmont Ave | B92: 1285 | C92: 1245 | D92: 1385 | E92: 1396 | F92: 1353 | G92: 1467 | H92: 1625 | I92: 9756
A93: Broadway & Berwyn Ave | B93: 758 | C93: 789 | D93: 761 | E93: 899 | F93: 839 | G93: 798 | H93: 934 | I93: 5778
A94: Broadway & Cornelia Ave | B94: 2233 | C94: 1900 | D94: 1958 | E94: 2070 | F94: 1954 | G94: 2222 | H94: 2487 | I94: 14824
A95: Broadway & Cuyler Ave | B95: 439 | C95: 412 | D95: 382 | E95: 392 | F95: 376 | G95: 438 | H95: 533 | I95: 2972
A96: Broadway & Granville Ave | B96: 939 | C96: 763 | D96: 796 | E96: 718 | F96: 723 | G96: 960 | H96: 1004 | I96: 5903
A97: Broadway & Oakdale Ave | B97: 1185 | C97: 906 | D97: 972 | E97: 1011 | F97: 982 | G97: 1199 | H97: 1360 | I97: 7615
A98: Broadway & Ridge Ave | B98: 432 | C98: 425 | D98: 449 | E98: 439 | F98: 489 | G98: 520 | H98: 579 | I98: 3333
A99: Broadway & Roscoe Ave | B99: 1065 | C99: 920 | D99: 1052 | E99: 922 | F99: 1025 | G99: 1165 | H99: 1171 | I99: 7320
A100: Broadway & Sheridan Rd | B100: 1563 | C100: 1398 | D100: 1515 | E100: 1497 | F100: 1483 | G100: 1674 | H100: 1903 | I100: 11033
A101: Broadway & Sunnyside Ave | B101: 912 | C101: 915 | D101: 940 | E101: 881 | F101: 857 | G101: 894 | H101: 966 | I101: 6365
... A119: California Ave & 26th St | B119: 8 | C119: 43 | D119: 38 | E119: 34 | F119: 43 | G119: 24 | H119: 10 | I119: 200
A120: California Ave & 29th St | C120: 2 | D120: 1 | E120: 3 | F120: 4 | G120: 1 | I120: 11
A121: California Ave & 36th St | B121: 9 | C121: 18 | D121: 25 | E121: 26 | F121: 21 | G121: 26 | H121: 14 | I121: 139
A122: California Ave & 41st St | B122: 30 | C122: 25 | D122: 33 | E122: 21 | F122: 25 | G122: 35 | H122: 33 | I122: 202
A123: California Ave & 71st St | B123: 9 | C123: 11 | D123: 15 | E123: 11 | F123: 11 | G123: 11 | H123: 9 | I123: 77
A124: California Ave & Altgeld St | B124: 339 | C124: 272 | D124: 378 | E124: 321 | F124: 329 | G124: 358 | H124: 415 | I124: 2412
A125: California Ave & Byron St | B125: 309 | C125: 290 | D125: 310 | E125: 275 | F125: 314 | G125: 300 | H125: 400 | I125: 2198
A126: California Ave & Cortez St | B126: 576 | C126: 406 | D126: 502 | E126: 516 | F126: 523 | G126: 652 | H126: 671 | I126: 3846
A127: California Ave & Division St | B127: 445 | C127: 475 | D127: 450 | E127: 378 | F127: 365 | G127: 480 | H127: 599 | I127: 3192
A128: California Ave & Fletcher St | B128: 390 | C128: 289 | D128: 367 | E128: 386 | F128: 353 | G128: 475 | H128: 497 | I128: 2757
A129: California Ave & Francis Pl | B129: 590 | C129: 424 | D129: 522 | E129: 470 | F129: 510 | G129: 624 | H129: 739 | I129: 3879
A130: California Ave & Granville Ave | B130: 113 | C130: 143 | D130: 139 | E130: 115 | F130: 135 | G130: 142 | H130: 134 | I130: 921
A131: California Ave & Lake St | B131: 65 | C131: 101 | D131: 108 | E131: 126 | F131: 126 | G131: 106 | H131: 104 | I131: 736
A132: California Ave & Madison St | B132: 21 | C132: 12 | D132: 19 | E132: 23 | F132: 22 | G132: 32 | H132: 28 | I132: 157
... A353: Eastlake Ter & Howard St | B353: 174 | C353: 146 | D353: 163 | E353: 174 | F353: 162 | G353: 154 | H353: 168 | I353: 1141
A354: Eberhart Ave & 131st St | C354: 1 | F354: 1 | G354: 2 | H354: 1 | I354: 5
A355: Eberhart Ave & 61st St | B355: 40 | C355: 43 | D355: 41 | E355: 49 | F355: 51 | G355: 54 | H355: 80 | I355: 358
A356: Eberhart Ave & 91st St | B356: 4 | C356: 3 | D356: 2 | E356: 4 | F356: 4 | G356: 6 | H356: 1 | I356: 24
A357: Eckhart Park | B357: 672 | C357: 831 | D357: 973 | E357: 967 | F357: 1063 | G357: 1006 | H357: 1011 | I357: 6523
A358: Eddy/Seminary Corral | B358: 250 | C358: 205 | D358: 286 | E358: 236 | F358: 179 | G358: 352 | H358: 329 | I358: 1837
A359: Edgebrook Metra | B359: 47 | C359: 41 | D359: 42 | E359: 39 | F359: 49 | G359: 48 | H359: 38 | I359: 304
A360: Eggleston Ave & 111th St | B360: 2 | C360: 6 | D360: 5 | E360: 5 | F360: 4 | G360: 5 | H360: 3 | I360: 30
A361: Eggleston Ave & 115th St | C361: 6 | D361: 4 | E361: 5 | F361: 7 | G361: 3 | H361: 2 | I361: 27
A362: Eggleston Ave & 69th St | B362: 5 | C362: 16 | D362: 10 | E362: 7 | F362: 4 | G362: 20 | H362: 7 | I362: 69
A363: Eggleston Ave & 92nd St | B363: 5 | C363: 2 | D363: 2 | E363: 1 | G363: 1 | H363: 1 | I363: 12
A364: Elizabeth St & 47th St | B364: 9 | C364: 8 | D364: 15 | E364: 13 | F364: 10 | G364: 14 | H364: 16 | I364: 85
A365: Elizabeth St & 92nd St | B365: 4 | C365: 3 | D365: 5 | E365: 3 | F365: 5 | G365: 4 | H365: 3 | I365: 27
A366: Elizabeth St & Fulton St | B366: 425 | C366: 1006 | D366: 1174 | E366: 1174 | F366: 1155 | G366: 1005 | H366: 562 | I366: 6501
A367: Elizabeth St & Randolph St | B367: 870 | C367: 1163 | D367: 1327 | E367: 1225 | F367: 1254 | G367: 1223 | H367: 1120 | I367: 8182
A368: Ellis Ave & 53rd St | B368: 748 | C368: 796 | D368: 812 | E368: 841 | F368: 880 | G368: 872 | H368: 814 | I368: 5763
A369: Ellis Ave & 55th St | B369: 1658 | C369: 2373 | D369: 2451 | E369: 2379 | F369: 2346 | G369: 2236 | H369: 1721 | I369: 15164
A370: Ellis Ave & 58th St | B370: 402 | C370: 1179 | D370: 1277 | E370: 1227 | F370: 1226 | G370: 1117 | H370: 470 | I370: 6898
A371: Ellis Ave & 60th St | B371: 1640 | C371: 2103 | D371: 2125 | E371: 2209 | F371: 2091 | G371: 2070 | H371: 1825 | I371: 14063
...

Sheet Sheet5
A1: Row Labels | B1: Sum of Grand Total
A2: Honore St & 71st St | B2: 1
A3: Kostner & 87th | B3: 1
A4: Public Rack - 61st St & Melvina Ave | B4: 1
A5: Public Rack - 63rd St & Meade Ave | B5: 1
A6: Public Rack - 63rd St and Natoma Ave | B6: 1
A7: Public Rack - 83rd Pl & Kedzie Ave N | B7: 1
A8: Public Rack - Ashland Ave & 63rd St | B8: 1
A9: Public Rack - Ashland Ave & 71st St | B9: 1
A10: Public Rack - Ashland Ave & 76th St | B10: 1
A11: Public Rack - Austin & 62nd | B11: 1
A12: Public Rack - Austin & Higgins | B12: 1
A13: Public Rack - Austin Ave & Archer Ave | B13: 1
... A1936: Navy Pier | B1936: 59770

Sheet Sheet2
A1: start location | B1: Sunday | C1: Monday | D1: Tuesday | E1: Wednesday | F1: Thursday | G1: Friday | H1: Saturday | I1: Grand Total | M1: Sunday | N1: Monday | O1: Tuesday | P1: Wednesday | Q1: Thursday | R1: Friday | S1: Saturday | T1: Grand Total
A2: 2112 W Peterson Ave | B2: 11 | C2: 19 | D2: 18 | E2: 10 | F2: 11 | G2: 11 | H2: 10 | I2: 90 | L2: 2112 W Peterson Ave | M2: =SUMIF($A$2:$A$16130,L2,$B$2:$B$16130) -> 98 | N2: =SUMIF($A$2:$A$16130,L2,$C$2:$C$16130) -> 116
A3: 2112 W Peterson Ave | B3: 21 | C3: 23 | D3: 8 | E3: 12 | F3: 15 | G3: 12 | H3: 20 | I3: 111 | L3: 21st St & Pulaski Rd | M3: =SUMIF($A$2:$A$16130,L3,$B$2:$B$16130) -> 3 | N3: =SUMIF($A$2:$A$16130,L3,$C$2:$C$16130) -> 9
A4: 2112 W Peterson Ave | B4: 15 | C4: 15 | D4: 10 | E4: 19 | F4: 15 | G4: 20 | H4: 11 | I4: 105 | L4: 63rd St Beach | M4: =SUMIF($A$2:$A$16130,L4,$B$2:$B$16130) -> 293 | N4: =SUMIF($A$2:$A$16130,L4,$C$2:$C$16130) -> 135
A5: 2112 W Peterson Ave | B5: 7 | C5: 15 | D5: 8 | E5: 3 | F5: 8 | G5: 7 | H5: 13 | I5: 61 | L5: 900 W Harrison St | M5: =SUMIF($A$2:$A$16130,L5,$B$2:$B$16130) -> 543 | N5: =SUMIF($A$2:$A$16130,L5,$C$2:$C$16130) -> 1146
A6: 2112 W Peterson Ave | B6: 20 | C6: 14 | D6: 9 | E6: 9 | F6: 7 | G6: 16 | H6: 16 | I6: 91 | L6: Aberdeen St & 103rd St | M6: =SUMIF($A$2:$A$16130,L6,$B$2:$B$16130) -> 3 | N6: =SUMIF($A$2:$A$16130,L6,$C$2:$C$16130) -> 4
A7: 2112 W Peterson Ave | B7: 4 | C7: 3 | D7: 9 | E7: 3 | F7: 11 | G7: 7 | H7: 6 | I7: 43 | L7: Aberdeen St & 106th St | M7: =SUMIF($A$2:$A$16130,L7,$B$2:$B$16130) -> 0 | N7: =SUMIF($A$2:$A$16130,L7,$C$2:$C$16130) -> 0
A8: 2112 W Peterson Ave | B8: 3 | C8: 3 | D8: 1 | E8: 4 | F8: 4 | G8: 6 | H8: 6 | I8: 27 | L8: Aberdeen St & Carroll Ave | M8: =SUMIF($A$2:$A$16130,L8,$B$2:$B$16130) -> 629 | N8: =SUMIF($A$2:$A$16130,L8,$C$2:$C$16130) -> 1134
A9: 2112 W Peterson Ave | C9: 4 | D9: 1 | F9: 4 | G9: 3 | I9: 12 | L9: Aberdeen St & Jackson Blvd | M9: =SUMIF($A$2:$A$16130,L9,$B$2:$B$16130) -> 1227 | N9: =SUMIF($A$2:$A$16130,L9,$C$2:$C$16130) -> 1607
A10: 2112 W Peterson Ave | B10: 4 | C10: 2 | D10: 3 | F10: 1 | G10: 1 | H10: 2 | I10: 13 | L10: Aberdeen St & Monroe St | M10: =SUMIF($A$2:$A$16130,L10,$B$2:$B$16130) -> 719 | N10: =SUMIF($A$2:$A$16130,L10,$C$2:$C$16130) -> 891
A11: 2112 W Peterson Ave | C11: 1 | E11: 1 | F11: 1 | G11: 3 | H11: 1 | I11: 7 | L11: Aberdeen St & Randolph St | M11: =SUMIF($A$2:$A$16130,L11,$B$2:$B$16130) -> 838 | N11: =SUMIF($A$2:$A$16130,L11,$C$2:$C$16130) -> 1088
A12: 2112 W Peterson Ave | B12: 8 | C12: 4 | D12: 5 | E12: 10 | F12: 4 | G12: 4 | H12: 9 | I12: 44 | L12: Ada St & 113th Pl | M12: =SUMIF($A$2:$A$16130,L12,$B$2:$B$16130) -> 0 | N12: =SUMIF($A$2:$A$16130,L12,$C$2:$C$16130) -> 1
A13: 2112 W Peterson Ave | B13: 5 | C13: 13 | D13: 3 | E13: 12 | F13: 7 | G13: 17 | H13: 6 | I13: 63 | L13: Ada St & 113th Place | M13: =SUMIF($A$2:$A$16130,L13,$B$2:$B$16130) -> 1 | N13: =SUMIF($A$2:$A$16130,L13,$C$2:$C$16130) -> 1
A14: 21st St & Pulaski Rd | C14: 1 | D14: 2 | E14: 1 | F14: 2 | G14: 3 | I14: 9 | L14: Ada St & Washington Blvd | M14: =SUMIF($A$2:$A$16130,L14,$B$2:$B$16130) -> 524 | N14: =SUMIF($A$2:$A$16130,L14,$C$2:$C$16130) -> 762
A15: 21st St & Pulaski Rd | B15: 2 | C15: 2 | D15: 2 | E15: 1 | F15: 1 | G15: 1 | H15: 2 | I15: 11 | L15: Addison/Racine Corral | M15: =SUMIF($A$2:$A$16130,L15,$B$2:$B$16130) -> 148 | N15: =SUMIF($A$2:$A$16130,L15,$C$2:$C$16130) -> 136
A16: 21st St & Pulaski Rd | C16: 1 | D16: 1 | E16: 1 | F16: 4 | G16: 1 | H16: 1 | I16: 9 | L16: Addison/Sheffield SE Corral | M16: =SUMIF($A$2:$A$16130,L16,$B$2:$B$16130) -> 96 | N16: =SUMIF($A$2:$A$16130,L16,$C$2:$C$16130) -> 95
A17: 21st St & Pulaski Rd | C17: 1 | D17: 2 | E17: 1 | G17: 1 | H17: 4 | I17: 9 | L17: Addison/Sheffield SW Corral | M17: =SUMIF($A$2:$A$16130,L17,$B$2:$B$16130) -> 142 | N17: =SUMIF($A$2:$A$16130,L17,$C$2:$C$16130) -> 206
A18: 21st St & Pulaski Rd | B18: 1 | C18: 1 | E18: 1 | G18: 3 | H18: 2 | I18: 8 | L18: Addison/Wilton Corral | M18: =SUMIF($A$2:$A$16130,L18,$B$2:$B$16130) -> 59 | N18: =SUMIF($A$2:$A$16130,L18,$C$2:$C$16130) -> 71
A19: 21st St & Pulaski Rd | C19: 1 | F19: 2 | G19: 2 | H19: 1 | I19: 6 | L19: Adler Planetarium | M19: =SUMIF($A$2:$A$16130,L19,$B$2:$B$16130) -> 2268 | N19: =SUMIF($A$2:$A$16130,L19,$C$2:$C$16130) -> 1572
A20: 21st St & Pulaski Rd | C20: 1 | D20: 1 | F20: 1 | G20: 1 | I20: 4 | L20: Albany Ave & 16th St | M20: =SUMIF($A$2:$A$16130,L20,$B$2:$B$16130) -> 31 | N20: =SUMIF($A$2:$A$16130,L20,$C$2:$C$16130) -> 17
A21: 21st St & Pulaski Rd | D21: 2 | H21: 2 | I21: 4 | L21: Albany Ave & 26th St | M21: =SUMIF($A$2:$A$16130,L21,$B$2:$B$16130) -> 14 | N21: =SUMIF($A$2:$A$16130,L21,$C$2:$C$16130) -> 20
A22: 21st St & Pulaski Rd | D22: 1 | H22: 1 | I22: 2 | L22: Albany Ave & Belmont Ave | M22: =SUMIF($A$2:$A$16130,L22,$B$2:$B$16130) -> 117 | N22: =SUMIF($A$2:$A$16130,L22,$C$2:$C$16130) -> 121
A23: 21st St & Pulaski Rd | D23: 2 | H23: 1 | I23: 3 | L23: Albany Ave & Bloomingdale Ave | M23: =SUMIF($A$2:$A$16130,L23,$B$2:$B$16130) -> 422 | N23: =SUMIF($A$2:$A$16130,L23,$C$2:$C$16130) -> 449
A24: 21st St & Pulaski Rd | C24: 1 | G24: 2 | I24: 3 | L24: Albany Ave & Douglas Blvd | M24: =SUMIF($A$2:$A$16130,L24,$B$2:$B$16130) -> 8 | N24: =SUMIF($A$2:$A$16130,L24,$C$2:$C$16130) -> 13
A25: 63rd St Beach | B25: 108 | C25: 12 | D25: 26 | E25: 13 | F25: 23 | G25: 14 | H25: 26 | I25: 222 | L25: Albany Ave & Montrose Ave | M25: =SUMIF($A$2:$A$16130,L25,$B$2:$B$16130) -> 304 | N25: =SUMIF($A$2:$A$16130,L25,$C$2:$C$16130) -> 243
A26: 63rd St Beach | B26: 42 | C26: 15 | D26: 11 | E26: 9 | F26: 10 | G26: 22 | H26: 47 | I26: 156 | L26: Altgeld Gardens | M26: =SUMIF($A$2:$A$16130,L26,$B$2:$B$16130) -> 5 | N26: =SUMIF($A$2:$A$16130,L26,$C$2:$C$16130) -> 2
A27: 63rd St Beach | B27: 20 | C27: 25 | D27: 9 | E27: 19 | F27: 27 | G27: 18 | H27: 41 | I27: 159 | L27: Archer (Damen) Ave & 37th St | M27: =SUMIF($A$2:$A$16130,L27,$B$2:$B$16130) -> 58 | N27: =SUMIF($A$2:$A$16130,L27,$C$2:$C$16130) -> 53
A28: 63rd St Beach | B28: 25 | C28: 22 | D28: 26 | E28: 8 | F28: 24 | G28: 31 | H28: 60 | I28: 196 | L28: Archer Ave & 43rd St | M28: =SUMIF($A$2:$A$16130,L28,$B$2:$B$16130) -> 8 | N28: =SUMIF($A$2:$A$16130,L28,$C$2:$C$16130) -> 9
A29: 63rd St Beach | B29: 29 | C29: 21 | D29: 13 | E29: 7 | F29: 8 | G29: 18 | H29: 18 | I29: 114 | L29: Archer Ave & 49th St | M29: =SUMIF($A$2:$A$16130,L29,$B$2:$B$16130) -> 5 | N29: =SUMIF($A$2:$A$16130,L29,$C$2:$C$16130) -> 9
A30: 63rd St Beach | B30: 24 | C30: 9 | D30: 14 | E30: 8 | F30: 23 | G30: 23 | H30: 22 | I30: 123 | L30: Archer Ave & Homan Ave | M30: =SUMIF($A$2:$A$16130,L30,$B$2:$B$16130) -> 10 | N30: =SUMIF($A$2:$A$16130,L30,$C$2:$C$16130) -> 15
A31: 63rd St Beach | B31: 9 | C31: 13 | D31: 2 | E31: 6 | F31: 2 | G31: 6 | H31: 9 | I31: 47 | L31: Archer Ave & Wentworth Ave | M31: =SUMIF($A$2:$A$16130,L31,$B$2:$B$16130) -> 417 | N31: =SUMIF($A$2:$A$16130,L31,$C$2:$C$16130) -> 284
A32: 63rd St Beach | B32: 5 | C32: 5 | E32: 3 | G32: 2 | H32: 1 | I32: 16 | L32: Arrington Lagoon | M32: =SUMIF($A$2:$A$16130,L32,$B$2:$B$16130) -> 46 | N32: =SUMIF($A$2:$A$16130,L32,$C$2:$C$16130) -> 39
A33: 63rd St Beach | F33: 1 | I33: 1 | L33: Artesian Ave & 55th St | M33: =SUMIF($A$2:$A$16130,L33,$B$2:$B$16130) -> 9 | N33: =SUMIF($A$2:$A$16130,L33,$C$2:$C$16130) -> 21
A34: 63rd St Beach | D34: 1 | E34: 3 | G34: 2 | H34: 3 | I34: 9 | L34: Artesian Ave & 71st St | M34: =SUMIF($A$2:$A$16130,L34,$B$2:$B$16130) -> 10 | N34: =SUMIF($A$2:$A$16130,L34,$C$2:$C$16130) -> 9
A35: 63rd St Beach | B35: 6 | C35: 1 | D35: 1 | E35: 3 | F35: 2 | G35: 6 | H35: 5 | I35: 24 | L35: Artesian Ave & Hubbard St | M35: =SUMIF($A$2:$A$16130,L35,$B$2:$B$16130) -> 242 | N35: =SUMIF($A$2:$A$16130,L35,$C$2:$C$16130) -> 722
A36: 63rd St Beach | B36: 25 | C36: 12 | D36: 9 | E36: 4 | F36: 13 | G36: 7 | H36: 22 | I36: 92 | L36: Artesian Ave & Marquette Rd | M36: =SUMIF($A$2:$A$16130,L36,$B$2:$B$16130) -> 5 | N36: =SUMIF($A$2:$A$16130,L36,$C$2:$C$16130) -> 10
A37: 900 W Harrison St | B37: 50 | C37: 160 | D37: 251 | E37: 178 | F37: 154 | G37: 158 | H37: 90 | I37: 1041 | L37: Ashland Ave & 13th St | M37: =SUMIF($A$2:$A$16130,L37,$B$2:$B$16130) -> 427 | N37: =SUMIF($A$2:$A$16130,L37,$C$2:$C$16130) -> 519
A38: 900 W Harrison St | B38: 87 | C38: 151 | D38: 107 | E38: 129 | F38: 102 | G38: 134 | H38: 88 | I38: 798 | L38: Ashland Ave & 50th St | M38: =SUMIF($A$2:$A$16130,L38,$B$2:$B$16130) -> 19 | N38: =SUMIF($A$2:$A$16130,L38,$C$2:$C$16130) -> 30
A39: 900 W Harrison St | B39: 51 | C39: 76 | D39: 95 | E39: 139 | F39: 118 | G39: 115 | H39: 84 | I39: 678 | L39: Ashland Ave & 63rd St | M39: =SUMIF($A$2:$A$16130,L39,$B$2:$B$16130) -> 3 | N39: =SUMIF($A$2:$A$16130,L39,$C$2:$C$16130) -> 6
A40: 900 W Harrison St | B40: 53 | C40: 91 | D40: 146 | E40: 107 | F40: 92 | G40: 94 | H40: 79 | I40: 662 | L40: Ashland Ave & 66th St | M40: =SUMIF($A$2:$A$16130,L40,$B$2:$B$16130) -> 0 | N40: =SUMIF($A$2:$A$16130,L40,$C$2:$C$16130) -> 2
A41: 900 W Harrison St | B41: 57 | C41: 67 | D41: 66 | E41: 79 | F41: 58 | G41: 130 | H41: 71 | I41: 528 | L41: Ashland Ave & 74th St | M41: =SUMIF($A$2:$A$16130,L41,$B$2:$B$16130) -> 8 | N41: =SUMIF($A$2:$A$16130,L41,$C$2:$C$16130) -> 7
A42: 900 W Harrison St | B42: 37 | C42: 99 | D42: 147 | E42: 163 | F42: 152 | G42: 124 | H42: 60 | I42: 782 | L42: Ashland Ave & 78th St | M42: =SUMIF($A$2:$A$16130,L42,$B$2:$B$16130) -> 2 | N42: =SUMIF($A$2:$A$16130,L42,$C$2:$C$16130) -> 6
A43: 900 W Harrison St | B43: 48 | C43: 97 | D43: 71 | E43: 76 | F43: 98 | G43: 59 | H43: 70 | I43: 519 | L43: Ashland Ave & Addison St | M43: =SUMIF($A$2:$A$16130,L43,$B$2:$B$16130) -> 50 | N43: =SUMIF($A$2:$A$16130,L43,$C$2:$C$16130) -> 38
A44: 900 W Harrison St | B44: 28 | C44: 69 | D44: 90 | E44: 82 | F44: 73 | G44: 82 | H44: 36 | I44: 460 | L44: Ashland Ave & Archer Ave | M44: =SUMIF($A$2:$A$16130,L44,$B$2:$B$16130) -> 26 | N44: =SUMIF($A$2:$A$16130,L44,$C$2:$C$16130) -> 29
A45: 900 W Harrison St | B45: 13 | C45: 24 | D45: 36 | E45: 44 | F45: 30 | G45: 25 | H45: 12 | I45: 184 | L45: Ashland Ave & Augusta Blvd | M45: =SUMIF($A$2:$A$16130,L45,$B$2:$B$16130) -> 631 | N45: =SUMIF($A$2:$A$16130,L45,$C$2:$C$16130) -> 902
A46: 900 W Harrison St | B46: 7 | C46: 28 | D46: 39 | E46: 30 | F46: 41 | G46: 25 | H46: 11 | I46: 181 | L46: Ashland Ave & Belle Plaine Ave | M46: =SUMIF($A$2:$A$16130,L46,$B$2:$B$16130) -> 335 | N46: =SUMIF($A$2:$A$16130,L46,$C$2:$C$16130) -> 294
... A48: 900 W Harrison St | B48: 59 | C48: 180 | D48: 156 | E48: 200 | F48: 217 | G48: 180 | H48: 82 | I48: 1074 | L48: Ashland Ave & Chicago Ave | M48: =SUMIF($A$2:$A$16130,L48,$B$2:$B$16130) -> 594 | N48: =SUMIF($A$2:$A$16130,L48,$C$2:$C$16130) -> 766
A49: Aberdeen St & 103rd St | D49: 1 | I49: 1 | L49: Ashland Ave & Division St | M49: =SUMIF($A$2:$A$16130,L49,$B$2:$B$16130) -> 115 | N49: =SUMIF($A$2:$A$16130,L49,$C$2:$C$16130) -> 99
A50: Aberdeen St & 103rd St | B50: 1 | E50: 2 | F50: 2 | I50: 5 | L50: Ashland Ave & Garfield Blvd | M50: =SUMIF($A$2:$A$16130,L50,$B$2:$B$16130) -> 9 | N50: =SUMIF($A$2:$A$16130,L50,$C$2:$C$16130) -> 11
A51: Aberdeen St & 103rd St | C51: 1 | D51: 1 | E51: 1 | H51: 1 | I51: 4 | L51: Ashland Ave & Grace St | M51: =SUMIF($A$2:$A$16130,L51,$B$2:$B$16130) -> 557 | N51: =SUMIF($A$2:$A$16130,L51,$C$2:$C$16130) -> 489
A52: Aberdeen St & 103rd St | B52: 1 | C52: 1 | H52: 1 | I52: 3 | L52: Ashland Ave & Grand Ave | M52: =SUMIF($A$2:$A$16130,L52,$B$2:$B$16130) -> 419 | N52: =SUMIF($A$2:$A$16130,L52,$C$2:$C$16130) -> 478
A53: Aberdeen St & 103rd St | B53: 1 | D53: 2 | E53: 3 | H53: 4 | I53: 10 | L53: Ashland Ave & Lake St | M53: =SUMIF($A$2:$A$16130,L53,$B$2:$B$16130) -> 489 | N53: =SUMIF($A$2:$A$16130,L53,$C$2:$C$16130) -> 619
A54: Aberdeen St & 103rd St | F54: 2 | G54: 1 | I54: 3 | L54: Ashland Ave & McDowell Ave | M54: =SUMIF($A$2:$A$16130,L54,$B$2:$B$16130) -> 30 | N54: =SUMIF($A$2:$A$16130,L54,$C$2:$C$16130) -> 18
A55: Aberdeen St & 103rd St | H55: 2 | I55: 2 | L55: Ashland Ave & Pershing Rd | M55: =SUMIF($A$2:$A$16130,L55,$B$2:$B$16130) -> 25 | N55: =SUMIF($A$2:$A$16130,L55,$C$2:$C$16130) -> 42
A56: Aberdeen St & 103rd St | F56: 1 | I56: 1 | L56: Ashland Ave & Wellington Ave | M56: =SUMIF($A$2:$A$16130,L56,$B$2:$B$16130) -> 708 | N56: =SUMIF($A$2:$A$16130,L56,$C$2:$C$16130) -> 663
A57: Aberdeen St & 103rd St | E57: 1 | I57: 1 | L57: Ashland Ave & Wrightwood Ave | M57: =SUMIF($A$2:$A$16130,L57,$B$2:$B$16130) -> 484 | N57: =SUMIF($A$2:$A$16130,L57,$C$2:$C$16130) -> 595
A58: Aberdeen St & 103rd St | C58: 2 | E58: 1 | I58: 3 | L58: Augusta Blvd & Laramie Ave | M58: =SUMIF($A$2:$A$16130,L58,$B$2:$B$16130) -> 1 | N58: =SUMIF($A$2:$A$16130,L58,$C$2:$C$16130) -> 4
A59: Aberdeen St & 106th St | D59: 1 | I59: 1 | L59: Austin Ave & Milwaukee Ave | M59: =SUMIF($A$2:$A$16130,L59,$B$2:$B$16130) -> 28 | N59: =SUMIF($A$2:$A$16130,L59,$C$2:$C$16130) -> 24
A60: Aberdeen St & 106th St | F60: 1 | I60: 1 | L60: Austin Blvd & Chicago Ave | M60: =SUMIF($A$2:$A$16130,L60,$B$2:$B$16130) -> 18 | N60: =SUMIF($A$2:$A$16130,L60,$C$2:$C$16130) -> 13
A61: Aberdeen St & Carroll Ave | B61: 71 | C61: 115 | D61: 178 | E61: 165 | F61: 138 | G61: 115 | H61: 83 | I61: 865 | L61: Austin Blvd & Lake St | M61: =SUMIF($A$2:$A$16130,L61,$B$2:$B$16130) -> 50 | N61: =SUMIF($A$2:$A$16130,L61,$C$2:$C$16130) -> 50
A62: Aberdeen St & Carroll Ave | B62: 97 | C62: 162 | D62: 162 | E62: 161 | F62: 159 | G62: 105 | H62: 118 | I62: 964 | L62: Austin Blvd & Madison St | M62: =SUMIF($A$2:$A$16130,L62,$B$2:$B$16130) -> 33 | N62: =SUMIF($A$2:$A$16130,L62,$C$2:$C$16130) -> 21
A63: Aberdeen St & Carroll Ave | B63: 102 | C63: 116 | D63: 148 | E63: 197 | F63: 182 | G63: 132 | H63: 96 | I63: 973 | L63: Ave H & 110th St | M63: =SUMIF($A$2:$A$16130,L63,$B$2:$B$16130) -> 5 | N63: =SUMIF($A$2:$A$16130,L63,$C$2:$C$16130) -> 12
A64: Aberdeen St & Carroll Ave | B64: 80 | C64: 157 | D64: 194 | E64: 143 | F64: 133 | G64: 122 | H64: 110 | I64: 939 | L64: Ave L & 114th | M64: =SUMIF($A$2:$A$16130,L64,$B$2:$B$16130) -> 4 | N64: =SUMIF($A$2:$A$16130,L64,$C$2:$C$16130) -> 6
A65: Aberdeen St & Carroll Ave | B65: 61 | C65: 93 | D65: 104 | E65: 103 | F65: 113 | G65: 111 | H65: 88 | I65: 673 | L65: Avenue O & 118th St | M65: =SUMIF($A$2:$A$16130,L65,$B$2:$B$16130) -> 5 | N65: =SUMIF($A$2:$A$16130,L65,$C$2:$C$16130) -> 3
A66: Aberdeen St & Carroll Ave | B66: 41 | C66: 77 | D66: 113 | E66: 113 | F66: 117 | G66: 74 | H66: 48 | I66: 583 | L66: Avenue O & 134th St | M66: =SUMIF($A$2:$A$16130,L66,$B$2:$B$16130) -> 4 | N66: =SUMIF($A$2:$A$16130,L66,$C$2:$C$16130) -> 1
A67: Aberdeen St & Carroll Ave | B67: 38 | C67: 90 | D67: 95 | E67: 62 | F67: 65 | G67: 56 | H67: 46 | I67: 452 | L67: Avers Ave & 103rd St | M67: =SUMIF($A$2:$A$16130,L67,$B$2:$B$16130) -> 2 | N67: =SUMIF($A$2:$A$16130,L67,$C$2:$C$16130) -> 5
A68: Aberdeen St & Carroll Ave | B68: 17 | C68: 40 | D68: 68 | E68: 54 | F68: 63 | G68: 57 | H68: 25 | I68: 324 | L68: Avers Ave & 16th St | M68: =SUMIF($A$2:$A$16130,L68,$B$2:$B$16130) -> 3 | N68: =SUMIF($A$2:$A$16130,L68,$C$2:$C$16130) -> 6
A69: Aberdeen St & Carroll Ave | B69: 12 | C69: 38 | D69: 60 | E69: 35 | F69: 49 | G69: 31 | H69: 19 | I69: 244 | L69: Avers Ave & Belmont Ave | M69: =SUMIF($A$2:$A$16130,L69,$B$2:$B$16130) -> 394 | N69: =SUMIF($A$2:$A$16130,L69,$C$2:$C$16130) -> 352
A70: Aberdeen St & Carroll Ave | B70: 10 | C70: 33 | D70: 42 | E70: 41 | F70: 36 | G70: 36 | H70: 27 | I70: 225 | L70: Avers Ave & Foster Ave | M70: =SUMIF($A$2:$A$16130,L70,$B$2:$B$16130) -> 52 | N70: =SUMIF($A$2:$A$16130,L70,$C$2:$C$16130) -> 47
A71: Aberdeen St & Carroll Ave | B71: 34 | C71: 86 | D71: 74 | E71: 97 | F71: 69 | G71: 76 | H71: 54 | I71: 490 | L71: Avondale Ave & Irving Park Rd | M71: =SUMIF($A$2:$A$16130,L71,$B$2:$B$16130) -> 192 | N71: =SUMIF($A$2:$A$16130,L71,$C$2:$C$16130) -> 318
A72: Aberdeen St & Carroll Ave | B72: 66 | C72: 127 | D72: 104 | E72: 156 | F72: 148 | G72: 136 | H72: 68 | I72: 805 | L72: Baltimore Ave & 133rd St | M72: =SUMIF($A$2:$A$16130,L72,$B$2:$B$16130) -> 2 | N72: =SUMIF($A$2:$A$16130,L72,$C$2:$C$16130) -> 10
... A108: Aberdeen St & Randolph St | B108: 107 | C108: 149 | D108: 135 | E108: 167 | F108: 193 | G108: 138 | H108: 126 | I108: 1015 | L108: Burling St & Diversey Pkwy | M108: =SUMIF($A$2:$A$16130,L108,$B$2:$B$16130) -> 1418 | N108: =SUMIF($A$2:$A$16130,L108,$C$2:$C$16130) -> 1284
A109: Ada St & 113th Pl | E109: 2 | G109: 1 | I109: 3 | L109: Burnham Greenway & 105th St | M109: =SUMIF($A$2:$A$16130,L109,$B$2:$B$16130) -> 13 | N109: =SUMIF($A$2:$A$16130,L109,$C$2:$C$16130) -> 5
A110: Ada St & 113th Pl | D110: 1 | I110: 1 | L110: Burnham Greenway & 112th St | M110: =SUMIF($A$2:$A$16130,L110,$B$2:$B$16130) -> 25 | N110: =SUMIF($A$2:$A$16130,L110,$C$2:$C$16130) -> 26
A111: Ada St & 113th Pl | C111: 1 | D111: 4 | E111: 1 | F111: 2 | H111: 1 | I111: 9 | L111: Burnham Harbor | M111: =SUMIF($A$2:$A$16130,L111,$B$2:$B$16130) -> 1558 | N111: =SUMIF($A$2:$A$16130,L111,$C$2:$C$16130) -> 951
A112: Ada St & 113th Pl | D112: 1 | E112: 1 | G112: 2 | H112: 1 | I112: 5 | L112: Burnham Shores | M112: =SUMIF($A$2:$A$16130,L112,$B$2:$B$16130) -> 29 | N112: =SUMIF($A$2:$A$16130,L112,$C$2:$C$16130) -> 20
A113: Ada St & 113th Place | C113: 1 | I113: 1 | L113: California & 16th St | M113: =SUMIF($A$2:$A$16130,L113,$B$2:$B$16130) -> 9 | N113: =SUMIF($A$2:$A$16130,L113,$C$2:$C$16130) -> 7
A114: Ada St & 113th Place | H114: 1 | I114: 1 | L114: California Ave & 16th St | M114: =SUMIF($A$2:$A$16130,L114,$B$2:$B$16130) -> 52 | N114: =SUMIF($A$2:$A$16130,L114,$C$2:$C$16130) -> 49
A115: Ada St & 113th Place | B115: 1 | I115: 1 | L115: California Ave & 21st St | M115: =SUMIF($A$2:$A$16130,L115,$B$2:$B$16130) -> 67 | N115: =SUMIF($A$2:$A$16130,L115,$C$2:$C$16130) -> 88
A116: Ada St & 113th Place | D116: 1 | I116: 1 | L116: California Ave & 23rd Pl | M116: =SUMIF($A$2:$A$16130,L116,$B$2:$B$16130) -> 29 | N116: =SUMIF($A$2:$A$16130,L116,$C$2:$C$16130) -> 47
A117: Ada St & Washington Blvd | B117: 63 | C117: 65 | D117: 128 | E117: 104 | F117: 100 | G117: 123 | H117: 86 | I117: 669 | L117: California Ave & 26th St | M117: =SUMIF($A$2:$A$16130,L117,$B$2:$B$16130) -> 8 | N117: =SUMIF($A$2:$A$16130,L117,$C$2:$C$16130) -> 43
A118: Ada St & Washington Blvd | B118: 77 | C118: 94 | D118: 89 | E118: 109 | F118: 105 | G118: 104 | H118: 63 | I118: 641 | L118: California Ave & 29th St | M118: =SUMIF($A$2:$A$16130,L118,$B$2:$B$16130) -> 0 | N118: =SUMIF($A$2:$A$16130,L118,$C$2:$C$16130) -> 2
A119: Ada St & Washington Blvd | B119: 80 | C119: 71 | D119: 83 | E119: 158 | F119: 105 | G119: 109 | H119: 81 | I119: 687 | L119: California Ave & 36th St | M119: =SUMIF($A$2:$A$16130,L119,$B$2:$B$16130) -> 9 | N119: =SUMIF($A$2:$A$16130,L119,$C$2:$C$16130) -> 18
A120: Ada St & Washington Blvd | B120: 45 | C120: 117 | D120: 114 | E120: 91 | F120: 110 | G120: 101 | H120: 86 | I120: 664 | L120: California Ave & 41st St | M120: =SUMIF($A$2:$A$16130,L120,$B$2:$B$16130) -> 30 | N120: =SUMIF($A$2:$A$16130,L120,$C$2:$C$16130) -> 25
A121: Ada St & Washington Blvd | B121: 68 | C121: 75 | D121: 83 | E121: 95 | F121: 94 | G121: 105 | H121: 71 | I121: 591 | L121: California Ave & 71st St | M121: =SUMIF($A$2:$A$16130,L121,$B$2:$B$16130) -> 9 | N121: =SUMIF($A$2:$A$16130,L121,$C$2:$C$16130) -> 11
A122: Ada St & Washington Blvd | B122: 32 | C122: 56 | D122: 84 | E122: 116 | F122: 88 | G122: 60 | H122: 50 | I122: 486 | L122: California Ave & Altgeld St | M122: =SUMIF($A$2:$A$16130,L122,$B$2:$B$16130) -> 339 | N122: =SUMIF($A$2:$A$16130,L122,$C$2:$C$16130) -> 272
A123: Ada St & Washington Blvd | B123: 43 | C123: 67 | D123: 62 | E123: 49 | F123: 58 | G123: 52 | H123: 34 | I123: 365 | L123: California Ave & Byron St | M123: =SUMIF($A$2:$A$16130,L123,$B$2:$B$16130) -> 309 | N123: =SUMIF($A$2:$A$16130,L123,$C$2:$C$16130) -> 290
A124: Ada St & Washington Blvd | B124: 11 | C124: 35 | D124: 41 | E124: 48 | F124: 55 | G124: 32 | H124: 21 | I124: 243 | L124: California Ave & Cortez St | M124: =SUMIF($A$2:$A$16130,L124,$B$2:$B$16130) -> 576 | N124: =SUMIF($A$2:$A$16130,L124,$C$2:$C$16130) -> 406
A125: Ada St & Washington Blvd | B125: 8 | C125: 25 | D125: 37 | E125: 35 | F125: 32 | G125: 27 | H125: 12 | I125: 176 | L125: California Ave & Division St | M125: =SUMIF($A$2:$A$16130,L125,$B$2:$B$16130) -> 445 | N125: =SUMIF($A$2:$A$16130,L125,$C$2:$C$16130) -> 475
A126: Ada St & Washington Blvd | B126: 11 | C126: 18 | D126: 31 | E126: 42 | F126: 29 | G126: 20 | H126: 19 | I126: 170 | L126: California Ave & Fletcher St | M126: =SUMIF($A$2:$A$16130,L126,$B$2:$B$16130) -> 390 | N126: =SUMIF($A$2:$A$16130,L126,$C$2:$C$16130) -> 289
A127: Ada St & Washington Blvd | B127: 35 | C127: 60 | D127: 61 | E127: 58 | F127: 60 | G127: 57 | H127: 41 | I127: 372 | L127: California Ave & Francis Pl | M127: =SUMIF($A$2:$A$16130,L127,$B$2:$B$16130) -> 590 | N127: =SUMIF($A$2:$A$16130,L127,$C$2:$C$16130) -> 424
A128: Ada St & Washington Blvd | B128: 51 | C128: 79 | D128: 89 | E128: 123 | F128: 130 | G128: 109 | H128: 95 | I128: 676 | L128: California Ave & Granville Ave | M128: =SUMIF($A$2:$A$16130,L128,$B$2:$B$16130) -> 113 | N128: =SUMIF($A$2:$A$16130,L128,$C$2:$C$16130) -> 143
... A137: Addison/Racine Corral | B137: 3 | C137: 1 | D137: 1 | E137: 1 | F137: 1 | G137: 1 | H137: 1 | I137: 9 | L137: California Ave & Winona St | M137: =SUMIF($A$2:$A$16130,L137,$B$2:$B$16130) -> 47 | N137: =SUMIF($A$2:$A$16130,L137,$C$2:$C$16130) -> 80
A138: Addison/Racine Corral | C138: 1 | D138: 2 | E138: 1 | F138: 3 | G138: 3 | H138: 1 | I138: 11 | L138: California Blvd & 29th St | M138: =SUMIF($A$2:$A$16130,L138,$B$2:$B$16130) -> 1 | N138: =SUMIF($A$2:$A$16130,L138,$C$2:$C$16130) -> 4
A139: Addison/Racine Corral | B139: 6 | C139: 2 | D139: 5 | E139: 6 | F139: 2 | G139: 4 | H139: 10 | I139: 35 | L139: Calumet Ave & 18th St | M139: =SUMIF($A$2:$A$16130,L139,$B$2:$B$16130) -> 1067 | N139: =SUMIF($A$2:$A$16130,L139,$C$2:$C$16130) -> 921
A140: Addison/Racine Corral | B140: 8 | C140: 3 | D140: 7 | E140: 35 | F140: 40 | G140: 4 | H140: 15 | I140: 112 | L140: Calumet Ave & 21st St | M140: =SUMIF($A$2:$A$16130,L140,$B$2:$B$16130) -> 522 | N140: =SUMIF($A$2:$A$16130,L140,$C$2:$C$16130) -> 609
A141: Addison/Sheffield SE Corral | B141: 20 | C141: 17 | D141: 46 | E141: 35 | F141: 16 | G141: 11 | H141: 19 | I141: 164 | L141: Calumet Ave & 33rd St | M141: =SUMIF($A$2:$A$16130,L141,$B$2:$B$16130) -> 391 | N141: =SUMIF($A$2:$A$16130,L141,$C$2:$C$16130) -> 431
A142: Addison/Sheffield SE Corral | B142: 6 | C142: 21 | D142: 13 | E142: 12 | F142: 7 | G142: 48 | H142: 16 | I142: 123 | L142: Calumet Ave & 35th St | M142: =SUMIF($A$2:$A$16130,L142,$B$2:$B$16130) -> 131 | N142: =SUMIF($A$2:$A$16130,L142,$C$2:$C$16130) -> 144
A143: Addison/Sheffield SE Corral | B143: 28 | C143: 8 | D143: 9 | E143: 14 | F143: 2 | G143: 16 | H143: 16 | I143: 93 | L143: Calumet Ave & 51st St | M143: =SUMIF($A$2:$A$16130,L143,$B$2:$B$16130) -> 80 | N143: =SUMIF($A$2:$A$16130,L143,$C$2:$C$16130) -> 68
A144: Addison/Sheffield SE Corral | B144: 8 | C144: 20 | D144: 25 | E144: 10 | F144: 12 | G144: 34 | H144: 17 | I144: 126 | L144: Calumet Ave & 71st St | M144: =SUMIF($A$2:$A$16130,L144,$B$2:$B$16130) -> 9 | N144: =SUMIF($A$2:$A$16130,L144,$C$2:$C$16130) -> 3
...
